scenario,forecast_basis,draws,seed,invariant,observed_max,tolerance,passed
central,conditional,200000,69520260814,max_cash_budget_overage,-217.02096051,1e-07,True
central,conditional,200000,69520260814,max_dac_accepted_over_willing_pledge,0,1e-07,True
central,conditional,200000,69520260814,max_dac_funding_over_accepted_principal,2.32830643654e-10,1e-07,True
central,conditional,200000,69520260814,max_dac_liability_over_reserve,7.27595761418e-12,1e-07,True
central,conditional,200000,69520260814,max_dac_liability_settlement_error,1.45519152284e-11,1e-07,True
central,conditional,200000,69520260814,max_dac_principal_reconciliation_error,2.32830643654e-10,1e-07,True
central,conditional,200000,69520260814,max_dac_reserve_reconciliation_error,2.91038304567e-11,1e-07,True
central,conditional,200000,69520260814,max_dac_threshold_reconciliation_error,0,1e-07,True
central,conditional,200000,69520260814,max_dac_waiting_reconciliation_error,0,1e-07,True
central,conditional,200000,69520260814,max_direct_completion_over_match,-6.08411044632e-05,1e-07,True
central,conditional,200000,69520260814,max_direct_match_over_supply,-43.8139950941,1e-07,True
central,conditional,200000,69520260814,max_direct_payment_over_demand,-136.713860848,1e-07,True
central,conditional,200000,69520260814,max_direct_payment_reconciliation_error,1.16415321827e-10,1e-07,True
central,conditional,200000,69520260814,max_displacement_over_new_cash,-0.398410716387,1e-07,True
central,conditional,200000,69520260814,max_field_cash_reconciliation_error,3.72529029846e-09,1e-05,True
central,conditional,200000,69520260814,max_field_ordinary_reconciliation_error,5.82076609135e-11,1e-05,True
central,conditional,200000,69520260814,max_field_skilled_reconciliation_error,1.45519152284e-11,1e-05,True
central,conditional,200000,69520260814,max_net_cash_reconciliation_error,2.09547579288e-09,1e-07,True
central,conditional,200000,69520260814,max_redirect_classification_reconciliation_error,9.31322574615e-10,1e-07,True
central,conditional,200000,69520260814,max_redirect_principal_reconciliation_error,0,1e-07,True
central,conditional,200000,69520260814,max_redirect_settlement_reconciliation_error,6.98491930962e-10,1e-07,True
central,probability_weighted,200000,69530260833,max_cash_budget_overage,0,1e-07,True
central,probability_weighted,200000,69530260833,max_dac_accepted_over_willing_pledge,0,1e-07,True
central,probability_weighted,200000,69530260833,max_dac_funding_over_accepted_principal,2.32830643654e-10,1e-07,True
central,probability_weighted,200000,69530260833,max_dac_liability_over_reserve,7.27595761418e-12,1e-07,True
central,probability_weighted,200000,69530260833,max_dac_liability_settlement_error,1.45519152284e-11,1e-07,True
central,probability_weighted,200000,69530260833,max_dac_principal_reconciliation_error,2.03726813197e-10,1e-07,True
central,probability_weighted,200000,69530260833,max_dac_reserve_reconciliation_error,2.91038304567e-11,1e-07,True
central,probability_weighted,200000,69530260833,max_dac_threshold_reconciliation_error,0,1e-07,True
central,probability_weighted,200000,69530260833,max_dac_waiting_reconciliation_error,0,1e-07,True
central,probability_weighted,200000,69530260833,max_direct_completion_over_match,0,1e-07,True
central,probability_weighted,200000,69530260833,max_direct_match_over_supply,0,1e-07,True
central,probability_weighted,200000,69530260833,max_direct_payment_over_demand,0,1e-07,True
central,probability_weighted,200000,69530260833,max_direct_payment_reconciliation_error,1.16415321827e-10,1e-07,True
central,probability_weighted,200000,69530260833,max_displacement_over_new_cash,0,1e-07,True
central,probability_weighted,200000,69530260833,max_field_cash_reconciliation_error,3.72529029846e-09,1e-05,True
central,probability_weighted,200000,69530260833,max_field_ordinary_reconciliation_error,2.91038304567e-11,1e-05,True
central,probability_weighted,200000,69530260833,max_field_skilled_reconciliation_error,1.45519152284e-11,1e-05,True
central,probability_weighted,200000,69530260833,max_net_cash_reconciliation_error,2.32830643654e-09,1e-07,True
central,probability_weighted,200000,69530260833,max_redirect_classification_reconciliation_error,4.65661287308e-10,1e-07,True
central,probability_weighted,200000,69530260833,max_redirect_principal_reconciliation_error,0,1e-07,True
central,probability_weighted,200000,69530260833,max_redirect_settlement_reconciliation_error,6.98491930962e-10,1e-07,True
thin_market,conditional,200000,69520360817,max_cash_budget_overage,-186.775543148,1e-07,True
thin_market,conditional,200000,69520360817,max_dac_accepted_over_willing_pledge,0,1e-07,True
thin_market,conditional,200000,69520360817,max_dac_funding_over_accepted_principal,2.32830643654e-10,1e-07,True
thin_market,conditional,200000,69520360817,max_dac_liability_over_reserve,3.63797880709e-12,1e-07,True
thin_market,conditional,200000,69520360817,max_dac_liability_settlement_error,1.45519152284e-11,1e-07,True
thin_market,conditional,200000,69520360817,max_dac_principal_reconciliation_error,2.32830643654e-10,1e-07,True
thin_market,conditional,200000,69520360817,max_dac_reserve_reconciliation_error,2.91038304567e-11,1e-07,True
thin_market,conditional,200000,69520360817,max_dac_threshold_reconciliation_error,0,1e-07,True
thin_market,conditional,200000,69520360817,max_dac_waiting_reconciliation_error,0,1e-07,True
thin_market,conditional,200000,69520360817,max_direct_completion_over_match,-5.86187978527e-06,1e-07,True
thin_market,conditional,200000,69520360817,max_direct_match_over_supply,-110.750616959,1e-07,True
thin_market,conditional,200000,69520360817,max_direct_payment_over_demand,-84.441709459,1e-07,True
thin_market,conditional,200000,69520360817,max_direct_payment_reconciliation_error,5.82076609135e-11,1e-07,True
thin_market,conditional,200000,69520360817,max_displacement_over_new_cash,-0.275022424793,1e-07,True
thin_market,conditional,200000,69520360817,max_field_cash_reconciliation_error,1.86264514923e-09,1e-05,True
thin_market,conditional,200000,69520360817,max_field_ordinary_reconciliation_error,1.45519152284e-11,1e-05,True
thin_market,conditional,200000,69520360817,max_field_skilled_reconciliation_error,3.63797880709e-12,1e-05,True
thin_market,conditional,200000,69520360817,max_net_cash_reconciliation_error,9.31322574615e-10,1e-07,True
thin_market,conditional,200000,69520360817,max_redirect_classification_reconciliation_error,4.65661287308e-10,1e-07,True
thin_market,conditional,200000,69520360817,max_redirect_principal_reconciliation_error,0,1e-07,True
thin_market,conditional,200000,69520360817,max_redirect_settlement_reconciliation_error,3.49245965481e-10,1e-07,True
thin_market,probability_weighted,200000,69530360836,max_cash_budget_overage,0,1e-07,True
thin_market,probability_weighted,200000,69530360836,max_dac_accepted_over_willing_pledge,0,1e-07,True
thin_market,probability_weighted,200000,69530360836,max_dac_funding_over_accepted_principal,1.16415321827e-10,1e-07,True
thin_market,probability_weighted,200000,69530360836,max_dac_liability_over_reserve,7.27595761418e-12,1e-07,True
thin_market,probability_weighted,200000,69530360836,max_dac_liability_settlement_error,7.27595761418e-12,1e-07,True
thin_market,probability_weighted,200000,69530360836,max_dac_principal_reconciliation_error,1.16415321827e-10,1e-07,True
thin_market,probability_weighted,200000,69530360836,max_dac_reserve_reconciliation_error,2.91038304567e-11,1e-07,True
thin_market,probability_weighted,200000,69530360836,max_dac_threshold_reconciliation_error,0,1e-07,True
thin_market,probability_weighted,200000,69530360836,max_dac_waiting_reconciliation_error,0,1e-07,True
thin_market,probability_weighted,200000,69530360836,max_direct_completion_over_match,0,1e-07,True
thin_market,probability_weighted,200000,69530360836,max_direct_match_over_supply,0,1e-07,True
thin_market,probability_weighted,200000,69530360836,max_direct_payment_over_demand,0,1e-07,True
thin_market,probability_weighted,200000,69530360836,max_direct_payment_reconciliation_error,5.82076609135e-11,1e-07,True
thin_market,probability_weighted,200000,69530360836,max_displacement_over_new_cash,0,1e-07,True
thin_market,probability_weighted,200000,69530360836,max_field_cash_reconciliation_error,1.86264514923e-09,1e-05,True
thin_market,probability_weighted,200000,69530360836,max_field_ordinary_reconciliation_error,2.91038304567e-11,1e-05,True
thin_market,probability_weighted,200000,69530360836,max_field_skilled_reconciliation_error,3.63797880709e-12,1e-05,True
thin_market,probability_weighted,200000,69530360836,max_net_cash_reconciliation_error,6.98491930962e-10,1e-07,True
thin_market,probability_weighted,200000,69530360836,max_redirect_classification_reconciliation_error,2.32830643654e-10,1e-07,True
thin_market,probability_weighted,200000,69530360836,max_redirect_principal_reconciliation_error,0,1e-07,True
thin_market,probability_weighted,200000,69530360836,max_redirect_settlement_reconciliation_error,3.49245965481e-10,1e-07,True
trust_evidence_failure,conditional,200000,69520460820,max_cash_budget_overage,-231.1961041,1e-07,True
trust_evidence_failure,conditional,200000,69520460820,max_dac_accepted_over_willing_pledge,0,1e-07,True
trust_evidence_failure,conditional,200000,69520460820,max_dac_funding_over_accepted_principal,1.16415321827e-10,1e-07,True
trust_evidence_failure,conditional,200000,69520460820,max_dac_liability_over_reserve,7.27595761418e-12,1e-07,True
trust_evidence_failure,conditional,200000,69520460820,max_dac_liability_settlement_error,7.27595761418e-12,1e-07,True
trust_evidence_failure,conditional,200000,69520460820,max_dac_principal_reconciliation_error,1.16415321827e-10,1e-07,True
trust_evidence_failure,conditional,200000,69520460820,max_dac_reserve_reconciliation_error,4.36557456851e-11,1e-07,True
trust_evidence_failure,conditional,200000,69520460820,max_dac_threshold_reconciliation_error,0,1e-07,True
trust_evidence_failure,conditional,200000,69520460820,max_dac_waiting_reconciliation_error,0,1e-07,True
trust_evidence_failure,conditional,200000,69520460820,max_direct_completion_over_match,-9.62694678092e-06,1e-07,True
trust_evidence_failure,conditional,200000,69520460820,max_direct_match_over_supply,-91.4931332529,1e-07,True
trust_evidence_failure,conditional,200000,69520460820,max_direct_payment_over_demand,-244.576889354,1e-07,True
trust_evidence_failure,conditional,200000,69520460820,max_direct_payment_reconciliation_error,2.91038304567e-11,1e-07,True
trust_evidence_failure,conditional,200000,69520460820,max_displacement_over_new_cash,-0.110725620117,1e-07,True
trust_evidence_failure,conditional,200000,69520460820,max_field_cash_reconciliation_error,2.79396772385e-09,1e-05,True
trust_evidence_failure,conditional,200000,69520460820,max_field_ordinary_reconciliation_error,7.27595761418e-12,1e-05,True
trust_evidence_failure,conditional,200000,69520460820,max_field_skilled_reconciliation_error,3.63797880709e-12,1e-05,True
trust_evidence_failure,conditional,200000,69520460820,max_net_cash_reconciliation_error,1.04773789644e-09,1e-07,True
trust_evidence_failure,conditional,200000,69520460820,max_redirect_classification_reconciliation_error,4.65661287308e-10,1e-07,True
trust_evidence_failure,conditional,200000,69520460820,max_redirect_principal_reconciliation_error,0,1e-07,True
trust_evidence_failure,conditional,200000,69520460820,max_redirect_settlement_reconciliation_error,6.98491930962e-10,1e-07,True
trust_evidence_failure,probability_weighted,200000,69530460839,max_cash_budget_overage,0,1e-07,True
trust_evidence_failure,probability_weighted,200000,69530460839,max_dac_accepted_over_willing_pledge,0,1e-07,True
trust_evidence_failure,probability_weighted,200000,69530460839,max_dac_funding_over_accepted_principal,1.16415321827e-10,1e-07,True
trust_evidence_failure,probability_weighted,200000,69530460839,max_dac_liability_over_reserve,3.63797880709e-12,1e-07,True
trust_evidence_failure,probability_weighted,200000,69530460839,max_dac_liability_settlement_error,7.27595761418e-12,1e-07,True
trust_evidence_failure,probability_weighted,200000,69530460839,max_dac_principal_reconciliation_error,1.30967237055e-10,1e-07,True
trust_evidence_failure,probability_weighted,200000,69530460839,max_dac_reserve_reconciliation_error,1.45519152284e-11,1e-07,True
trust_evidence_failure,probability_weighted,200000,69530460839,max_dac_threshold_reconciliation_error,0,1e-07,True
trust_evidence_failure,probability_weighted,200000,69530460839,max_dac_waiting_reconciliation_error,0,1e-07,True
trust_evidence_failure,probability_weighted,200000,69530460839,max_direct_completion_over_match,0,1e-07,True
trust_evidence_failure,probability_weighted,200000,69530460839,max_direct_match_over_supply,0,1e-07,True
trust_evidence_failure,probability_weighted,200000,69530460839,max_direct_payment_over_demand,0,1e-07,True
trust_evidence_failure,probability_weighted,200000,69530460839,max_direct_payment_reconciliation_error,2.91038304567e-11,1e-07,True
trust_evidence_failure,probability_weighted,200000,69530460839,max_displacement_over_new_cash,0,1e-07,True
trust_evidence_failure,probability_weighted,200000,69530460839,max_field_cash_reconciliation_error,1.86264514923e-09,1e-05,True
trust_evidence_failure,probability_weighted,200000,69530460839,max_field_ordinary_reconciliation_error,3.63797880709e-12,1e-05,True
trust_evidence_failure,probability_weighted,200000,69530460839,max_field_skilled_reconciliation_error,1.81898940355e-12,1e-05,True
trust_evidence_failure,probability_weighted,200000,69530460839,max_net_cash_reconciliation_error,9.31322574615e-10,1e-07,True
trust_evidence_failure,probability_weighted,200000,69530460839,max_redirect_classification_reconciliation_error,4.65661287308e-10,1e-07,True
trust_evidence_failure,probability_weighted,200000,69530460839,max_redirect_principal_reconciliation_error,0,1e-07,True
trust_evidence_failure,probability_weighted,200000,69530460839,max_redirect_settlement_reconciliation_error,3.34694050252e-10,1e-07,True
redirect_dominant,conditional,200000,69520560823,max_cash_budget_overage,-201.092425739,1e-07,True
redirect_dominant,conditional,200000,69520560823,max_dac_accepted_over_willing_pledge,0,1e-07,True
redirect_dominant,conditional,200000,69520560823,max_dac_funding_over_accepted_principal,1.16415321827e-10,1e-07,True
redirect_dominant,conditional,200000,69520560823,max_dac_liability_over_reserve,3.63797880709e-12,1e-07,True
redirect_dominant,conditional,200000,69520560823,max_dac_liability_settlement_error,7.27595761418e-12,1e-07,True
redirect_dominant,conditional,200000,69520560823,max_dac_principal_reconciliation_error,1.16415321827e-10,1e-07,True
redirect_dominant,conditional,200000,69520560823,max_dac_reserve_reconciliation_error,2.91038304567e-11,1e-07,True
redirect_dominant,conditional,200000,69520560823,max_dac_threshold_reconciliation_error,0,1e-07,True
redirect_dominant,conditional,200000,69520560823,max_dac_waiting_reconciliation_error,0,1e-07,True
redirect_dominant,conditional,200000,69520560823,max_direct_completion_over_match,-4.64192025582e-05,1e-07,True
redirect_dominant,conditional,200000,69520560823,max_direct_match_over_supply,-95.6565464639,1e-07,True
redirect_dominant,conditional,200000,69520560823,max_direct_payment_over_demand,-111.551701383,1e-07,True
redirect_dominant,conditional,200000,69520560823,max_direct_payment_reconciliation_error,1.16415321827e-10,1e-07,True
redirect_dominant,conditional,200000,69520560823,max_displacement_over_new_cash,-0.329005171581,1e-07,True
redirect_dominant,conditional,200000,69520560823,max_field_cash_reconciliation_error,5.58793544769e-09,1e-05,True
redirect_dominant,conditional,200000,69520560823,max_field_ordinary_reconciliation_error,2.91038304567e-11,1e-05,True
redirect_dominant,conditional,200000,69520560823,max_field_skilled_reconciliation_error,1.45519152284e-11,1e-05,True
redirect_dominant,conditional,200000,69520560823,max_net_cash_reconciliation_error,3.72529029846e-09,1e-07,True
redirect_dominant,conditional,200000,69520560823,max_redirect_classification_reconciliation_error,1.86264514923e-09,1e-07,True
redirect_dominant,conditional,200000,69520560823,max_redirect_principal_reconciliation_error,0,1e-07,True
redirect_dominant,conditional,200000,69520560823,max_redirect_settlement_reconciliation_error,1.39698386192e-09,1e-07,True
redirect_dominant,probability_weighted,200000,69530560842,max_cash_budget_overage,0,1e-07,True
redirect_dominant,probability_weighted,200000,69530560842,max_dac_accepted_over_willing_pledge,0,1e-07,True
redirect_dominant,probability_weighted,200000,69530560842,max_dac_funding_over_accepted_principal,1.16415321827e-10,1e-07,True
redirect_dominant,probability_weighted,200000,69530560842,max_dac_liability_over_reserve,3.63797880709e-12,1e-07,True
redirect_dominant,probability_weighted,200000,69530560842,max_dac_liability_settlement_error,7.27595761418e-12,1e-07,True
redirect_dominant,probability_weighted,200000,69530560842,max_dac_principal_reconciliation_error,1.30967237055e-10,1e-07,True
redirect_dominant,probability_weighted,200000,69530560842,max_dac_reserve_reconciliation_error,4.36557456851e-11,1e-07,True
redirect_dominant,probability_weighted,200000,69530560842,max_dac_threshold_reconciliation_error,0,1e-07,True
redirect_dominant,probability_weighted,200000,69530560842,max_dac_waiting_reconciliation_error,0,1e-07,True
redirect_dominant,probability_weighted,200000,69530560842,max_direct_completion_over_match,0,1e-07,True
redirect_dominant,probability_weighted,200000,69530560842,max_direct_match_over_supply,0,1e-07,True
redirect_dominant,probability_weighted,200000,69530560842,max_direct_payment_over_demand,0,1e-07,True
redirect_dominant,probability_weighted,200000,69530560842,max_direct_payment_reconciliation_error,1.16415321827e-10,1e-07,True
redirect_dominant,probability_weighted,200000,69530560842,max_displacement_over_new_cash,0,1e-07,True
redirect_dominant,probability_weighted,200000,69530560842,max_field_cash_reconciliation_error,7.45058059692e-09,1e-05,True
redirect_dominant,probability_weighted,200000,69530560842,max_field_ordinary_reconciliation_error,2.91038304567e-11,1e-05,True
redirect_dominant,probability_weighted,200000,69530560842,max_field_skilled_reconciliation_error,7.27595761418e-12,1e-05,True
redirect_dominant,probability_weighted,200000,69530560842,max_net_cash_reconciliation_error,3.14321368933e-09,1e-07,True
redirect_dominant,probability_weighted,200000,69530560842,max_redirect_classification_reconciliation_error,9.31322574615e-10,1e-07,True
redirect_dominant,probability_weighted,200000,69530560842,max_redirect_principal_reconciliation_error,0,1e-07,True
redirect_dominant,probability_weighted,200000,69530560842,max_redirect_settlement_reconciliation_error,1.39698386192e-09,1e-07,True
direct_trade_underperformance,conditional,200000,69520660826,max_cash_budget_overage,-134.801023476,1e-07,True
direct_trade_underperformance,conditional,200000,69520660826,max_dac_accepted_over_willing_pledge,0,1e-07,True
direct_trade_underperformance,conditional,200000,69520660826,max_dac_funding_over_accepted_principal,4.65661287308e-10,1e-07,True
direct_trade_underperformance,conditional,200000,69520660826,max_dac_liability_over_reserve,7.27595761418e-12,1e-07,True
direct_trade_underperformance,conditional,200000,69520660826,max_dac_liability_settlement_error,2.91038304567e-11,1e-07,True
direct_trade_underperformance,conditional,200000,69520660826,max_dac_principal_reconciliation_error,3.49245965481e-10,1e-07,True
direct_trade_underperformance,conditional,200000,69520660826,max_dac_reserve_reconciliation_error,4.36557456851e-11,1e-07,True
direct_trade_underperformance,conditional,200000,69520660826,max_dac_threshold_reconciliation_error,0,1e-07,True
direct_trade_underperformance,conditional,200000,69520660826,max_dac_waiting_reconciliation_error,0,1e-07,True
direct_trade_underperformance,conditional,200000,69520660826,max_direct_completion_over_match,-2.49901377414e-05,1e-07,True
direct_trade_underperformance,conditional,200000,69520660826,max_direct_match_over_supply,-95.7491849021,1e-07,True
direct_trade_underperformance,conditional,200000,69520660826,max_direct_payment_over_demand,-179.797188228,1e-07,True
direct_trade_underperformance,conditional,200000,69520660826,max_direct_payment_reconciliation_error,5.82076609135e-11,1e-07,True
direct_trade_underperformance,conditional,200000,69520660826,max_displacement_over_new_cash,-0.309949825553,1e-07,True
direct_trade_underperformance,conditional,200000,69520660826,max_field_cash_reconciliation_error,3.72529029846e-09,1e-05,True
direct_trade_underperformance,conditional,200000,69520660826,max_field_ordinary_reconciliation_error,1.45519152284e-11,1e-05,True
direct_trade_underperformance,conditional,200000,69520660826,max_field_skilled_reconciliation_error,3.63797880709e-12,1e-05,True
direct_trade_underperformance,conditional,200000,69520660826,max_net_cash_reconciliation_error,2.91038304567e-09,1e-07,True
direct_trade_underperformance,conditional,200000,69520660826,max_redirect_classification_reconciliation_error,9.31322574615e-10,1e-07,True
direct_trade_underperformance,conditional,200000,69520660826,max_redirect_principal_reconciliation_error,0,1e-07,True
direct_trade_underperformance,conditional,200000,69520660826,max_redirect_settlement_reconciliation_error,6.98491930962e-10,1e-07,True
direct_trade_underperformance,probability_weighted,200000,69530660845,max_cash_budget_overage,0,1e-07,True
direct_trade_underperformance,probability_weighted,200000,69530660845,max_dac_accepted_over_willing_pledge,0,1e-07,True
direct_trade_underperformance,probability_weighted,200000,69530660845,max_dac_funding_over_accepted_principal,2.32830643654e-10,1e-07,True
direct_trade_underperformance,probability_weighted,200000,69530660845,max_dac_liability_over_reserve,7.27595761418e-12,1e-07,True
direct_trade_underperformance,probability_weighted,200000,69530660845,max_dac_liability_settlement_error,1.45519152284e-11,1e-07,True
direct_trade_underperformance,probability_weighted,200000,69530660845,max_dac_principal_reconciliation_error,1.45519152284e-10,1e-07,True
direct_trade_underperformance,probability_weighted,200000,69530660845,max_dac_reserve_reconciliation_error,2.91038304567e-11,1e-07,True
direct_trade_underperformance,probability_weighted,200000,69530660845,max_dac_threshold_reconciliation_error,0,1e-07,True
direct_trade_underperformance,probability_weighted,200000,69530660845,max_dac_waiting_reconciliation_error,0,1e-07,True
direct_trade_underperformance,probability_weighted,200000,69530660845,max_direct_completion_over_match,0,1e-07,True
direct_trade_underperformance,probability_weighted,200000,69530660845,max_direct_match_over_supply,0,1e-07,True
direct_trade_underperformance,probability_weighted,200000,69530660845,max_direct_payment_over_demand,0,1e-07,True
direct_trade_underperformance,probability_weighted,200000,69530660845,max_direct_payment_reconciliation_error,5.82076609135e-11,1e-07,True
direct_trade_underperformance,probability_weighted,200000,69530660845,max_displacement_over_new_cash,0,1e-07,True
direct_trade_underperformance,probability_weighted,200000,69530660845,max_field_cash_reconciliation_error,3.72529029846e-09,1e-05,True
direct_trade_underperformance,probability_weighted,200000,69530660845,max_field_ordinary_reconciliation_error,7.27595761418e-12,1e-05,True
direct_trade_underperformance,probability_weighted,200000,69530660845,max_field_skilled_reconciliation_error,3.63797880709e-12,1e-05,True
direct_trade_underperformance,probability_weighted,200000,69530660845,max_net_cash_reconciliation_error,1.7462298274e-09,1e-07,True
direct_trade_underperformance,probability_weighted,200000,69530660845,max_redirect_classification_reconciliation_error,4.65661287308e-10,1e-07,True
direct_trade_underperformance,probability_weighted,200000,69530660845,max_redirect_principal_reconciliation_error,0,1e-07,True
direct_trade_underperformance,probability_weighted,200000,69530660845,max_redirect_settlement_reconciliation_error,6.98491930962e-10,1e-07,True
strong_network_repeat,conditional,200000,69520760829,max_cash_budget_overage,-193.076876452,1e-07,True
strong_network_repeat,conditional,200000,69520760829,max_dac_accepted_over_willing_pledge,0,1e-07,True
strong_network_repeat,conditional,200000,69520760829,max_dac_funding_over_accepted_principal,2.32830643654e-10,1e-07,True
strong_network_repeat,conditional,200000,69520760829,max_dac_liability_over_reserve,7.27595761418e-12,1e-07,True
strong_network_repeat,conditional,200000,69520760829,max_dac_liability_settlement_error,1.45519152284e-11,1e-07,True
strong_network_repeat,conditional,200000,69520760829,max_dac_principal_reconciliation_error,2.61934474111e-10,1e-07,True
strong_network_repeat,conditional,200000,69520760829,max_dac_reserve_reconciliation_error,2.91038304567e-11,1e-07,True
strong_network_repeat,conditional,200000,69520760829,max_dac_threshold_reconciliation_error,0,1e-07,True
strong_network_repeat,conditional,200000,69520760829,max_dac_waiting_reconciliation_error,0,1e-07,True
strong_network_repeat,conditional,200000,69520760829,max_direct_completion_over_match,0,1e-07,True
strong_network_repeat,conditional,200000,69520760829,max_direct_match_over_supply,-82.0432776108,1e-07,True
strong_network_repeat,conditional,200000,69520760829,max_direct_payment_over_demand,-222.70396617,1e-07,True
strong_network_repeat,conditional,200000,69520760829,max_direct_payment_reconciliation_error,4.65661287308e-10,1e-07,True
strong_network_repeat,conditional,200000,69520760829,max_displacement_over_new_cash,-0.427418914046,1e-07,True
strong_network_repeat,conditional,200000,69520760829,max_field_cash_reconciliation_error,5.58793544769e-09,1e-05,True
strong_network_repeat,conditional,200000,69520760829,max_field_ordinary_reconciliation_error,1.16415321827e-10,1e-05,True
strong_network_repeat,conditional,200000,69520760829,max_field_skilled_reconciliation_error,2.91038304567e-11,1e-05,True
strong_network_repeat,conditional,200000,69520760829,max_net_cash_reconciliation_error,3.25962901115e-09,1e-07,True
strong_network_repeat,conditional,200000,69520760829,max_redirect_classification_reconciliation_error,9.31322574615e-10,1e-07,True
strong_network_repeat,conditional,200000,69520760829,max_redirect_principal_reconciliation_error,0,1e-07,True
strong_network_repeat,conditional,200000,69520760829,max_redirect_settlement_reconciliation_error,1.33877620101e-09,1e-07,True
strong_network_repeat,probability_weighted,200000,69530760848,max_cash_budget_overage,0,1e-07,True
strong_network_repeat,probability_weighted,200000,69530760848,max_dac_accepted_over_willing_pledge,0,1e-07,True
strong_network_repeat,probability_weighted,200000,69530760848,max_dac_funding_over_accepted_principal,1.16415321827e-10,1e-07,True
strong_network_repeat,probability_weighted,200000,69530760848,max_dac_liability_over_reserve,3.63797880709e-12,1e-07,True
strong_network_repeat,probability_weighted,200000,69530760848,max_dac_liability_settlement_error,7.27595761418e-12,1e-07,True
strong_network_repeat,probability_weighted,200000,69530760848,max_dac_principal_reconciliation_error,1.16415321827e-10,1e-07,True
strong_network_repeat,probability_weighted,200000,69530760848,max_dac_reserve_reconciliation_error,4.36557456851e-11,1e-07,True
strong_network_repeat,probability_weighted,200000,69530760848,max_dac_threshold_reconciliation_error,0,1e-07,True
strong_network_repeat,probability_weighted,200000,69530760848,max_dac_waiting_reconciliation_error,0,1e-07,True
strong_network_repeat,probability_weighted,200000,69530760848,max_direct_completion_over_match,0,1e-07,True
strong_network_repeat,probability_weighted,200000,69530760848,max_direct_match_over_supply,0,1e-07,True
strong_network_repeat,probability_weighted,200000,69530760848,max_direct_payment_over_demand,0,1e-07,True
strong_network_repeat,probability_weighted,200000,69530760848,max_direct_payment_reconciliation_error,2.32830643654e-10,1e-07,True
strong_network_repeat,probability_weighted,200000,69530760848,max_displacement_over_new_cash,0,1e-07,True
strong_network_repeat,probability_weighted,200000,69530760848,max_field_cash_reconciliation_error,5.58793544769e-09,1e-05,True
strong_network_repeat,probability_weighted,200000,69530760848,max_field_ordinary_reconciliation_error,5.82076609135e-11,1e-05,True
strong_network_repeat,probability_weighted,200000,69530760848,max_field_skilled_reconciliation_error,1.45519152284e-11,1e-05,True
strong_network_repeat,probability_weighted,200000,69530760848,max_net_cash_reconciliation_error,2.32830643654e-09,1e-07,True
strong_network_repeat,probability_weighted,200000,69530760848,max_redirect_classification_reconciliation_error,9.31322574615e-10,1e-07,True
strong_network_repeat,probability_weighted,200000,69530760848,max_redirect_principal_reconciliation_error,0,1e-07,True
strong_network_repeat,probability_weighted,200000,69530760848,max_redirect_settlement_reconciliation_error,6.98491930962e-10,1e-07,True
reserve_constrained_dacs,conditional,200000,69520860832,max_cash_budget_overage,-201.309328999,1e-07,True
reserve_constrained_dacs,conditional,200000,69520860832,max_dac_accepted_over_willing_pledge,0,1e-07,True
reserve_constrained_dacs,conditional,200000,69520860832,max_dac_funding_over_accepted_principal,4.65661287308e-10,1e-07,True
reserve_constrained_dacs,conditional,200000,69520860832,max_dac_liability_over_reserve,1.45519152284e-11,1e-07,True
reserve_constrained_dacs,conditional,200000,69520860832,max_dac_liability_settlement_error,2.91038304567e-11,1e-07,True
reserve_constrained_dacs,conditional,200000,69520860832,max_dac_principal_reconciliation_error,3.78349795938e-10,1e-07,True
reserve_constrained_dacs,conditional,200000,69520860832,max_dac_reserve_reconciliation_error,2.91038304567e-11,1e-07,True
reserve_constrained_dacs,conditional,200000,69520860832,max_dac_threshold_reconciliation_error,0,1e-07,True
reserve_constrained_dacs,conditional,200000,69520860832,max_dac_waiting_reconciliation_error,0,1e-07,True
reserve_constrained_dacs,conditional,200000,69520860832,max_direct_completion_over_match,-2.10913653634e-06,1e-07,True
reserve_constrained_dacs,conditional,200000,69520860832,max_direct_match_over_supply,-34.1670300895,1e-07,True
reserve_constrained_dacs,conditional,200000,69520860832,max_direct_payment_over_demand,-152.41509804,1e-07,True
reserve_constrained_dacs,conditional,200000,69520860832,max_direct_payment_reconciliation_error,2.32830643654e-10,1e-07,True
reserve_constrained_dacs,conditional,200000,69520860832,max_displacement_over_new_cash,-0.563889206183,1e-07,True
reserve_constrained_dacs,conditional,200000,69520860832,max_field_cash_reconciliation_error,3.72529029846e-09,1e-05,True
reserve_constrained_dacs,conditional,200000,69520860832,max_field_ordinary_reconciliation_error,5.82076609135e-11,1e-05,True
reserve_constrained_dacs,conditional,200000,69520860832,max_field_skilled_reconciliation_error,2.91038304567e-11,1e-05,True
reserve_constrained_dacs,conditional,200000,69520860832,max_net_cash_reconciliation_error,2.56113708019e-09,1e-07,True
reserve_constrained_dacs,conditional,200000,69520860832,max_redirect_classification_reconciliation_error,9.31322574615e-10,1e-07,True
reserve_constrained_dacs,conditional,200000,69520860832,max_redirect_principal_reconciliation_error,0,1e-07,True
reserve_constrained_dacs,conditional,200000,69520860832,max_redirect_settlement_reconciliation_error,6.98491930962e-10,1e-07,True
reserve_constrained_dacs,probability_weighted,200000,69530860851,max_cash_budget_overage,0,1e-07,True
reserve_constrained_dacs,probability_weighted,200000,69530860851,max_dac_accepted_over_willing_pledge,0,1e-07,True
reserve_constrained_dacs,probability_weighted,200000,69530860851,max_dac_funding_over_accepted_principal,2.32830643654e-10,1e-07,True
reserve_constrained_dacs,probability_weighted,200000,69530860851,max_dac_liability_over_reserve,1.45519152284e-11,1e-07,True
reserve_constrained_dacs,probability_weighted,200000,69530860851,max_dac_liability_settlement_error,2.91038304567e-11,1e-07,True
reserve_constrained_dacs,probability_weighted,200000,69530860851,max_dac_principal_reconciliation_error,2.32830643654e-10,1e-07,True
reserve_constrained_dacs,probability_weighted,200000,69530860851,max_dac_reserve_reconciliation_error,2.91038304567e-11,1e-07,True
reserve_constrained_dacs,probability_weighted,200000,69530860851,max_dac_threshold_reconciliation_error,0,1e-07,True
reserve_constrained_dacs,probability_weighted,200000,69530860851,max_dac_waiting_reconciliation_error,0,1e-07,True
reserve_constrained_dacs,probability_weighted,200000,69530860851,max_direct_completion_over_match,0,1e-07,True
reserve_constrained_dacs,probability_weighted,200000,69530860851,max_direct_match_over_supply,0,1e-07,True
reserve_constrained_dacs,probability_weighted,200000,69530860851,max_direct_payment_over_demand,0,1e-07,True
reserve_constrained_dacs,probability_weighted,200000,69530860851,max_direct_payment_reconciliation_error,2.32830643654e-10,1e-07,True
reserve_constrained_dacs,probability_weighted,200000,69530860851,max_displacement_over_new_cash,0,1e-07,True
reserve_constrained_dacs,probability_weighted,200000,69530860851,max_field_cash_reconciliation_error,3.72529029846e-09,1e-05,True
reserve_constrained_dacs,probability_weighted,200000,69530860851,max_field_ordinary_reconciliation_error,2.91038304567e-11,1e-05,True
reserve_constrained_dacs,probability_weighted,200000,69530860851,max_field_skilled_reconciliation_error,7.27595761418e-12,1e-05,True
reserve_constrained_dacs,probability_weighted,200000,69530860851,max_net_cash_reconciliation_error,2.09547579288e-09,1e-07,True
reserve_constrained_dacs,probability_weighted,200000,69530860851,max_redirect_classification_reconciliation_error,9.31322574615e-10,1e-07,True
reserve_constrained_dacs,probability_weighted,200000,69530860851,max_redirect_principal_reconciliation_error,0,1e-07,True
reserve_constrained_dacs,probability_weighted,200000,69530860851,max_redirect_settlement_reconciliation_error,6.98491930962e-10,1e-07,True
high_bonus_surcharge_sensitive,conditional,200000,69520960835,max_cash_budget_overage,-227.125539229,1e-07,True
high_bonus_surcharge_sensitive,conditional,200000,69520960835,max_dac_accepted_over_willing_pledge,0,1e-07,True
high_bonus_surcharge_sensitive,conditional,200000,69520960835,max_dac_funding_over_accepted_principal,1.16415321827e-10,1e-07,True
high_bonus_surcharge_sensitive,conditional,200000,69520960835,max_dac_liability_over_reserve,7.27595761418e-12,1e-07,True
high_bonus_surcharge_sensitive,conditional,200000,69520960835,max_dac_liability_settlement_error,1.45519152284e-11,1e-07,True
high_bonus_surcharge_sensitive,conditional,200000,69520960835,max_dac_principal_reconciliation_error,1.30967237055e-10,1e-07,True
high_bonus_surcharge_sensitive,conditional,200000,69520960835,max_dac_reserve_reconciliation_error,1.45519152284e-11,1e-07,True
high_bonus_surcharge_sensitive,conditional,200000,69520960835,max_dac_threshold_reconciliation_error,0,1e-07,True
high_bonus_surcharge_sensitive,conditional,200000,69520960835,max_dac_waiting_reconciliation_error,0,1e-07,True
high_bonus_surcharge_sensitive,conditional,200000,69520960835,max_direct_completion_over_match,-1.97766069797e-05,1e-07,True
high_bonus_surcharge_sensitive,conditional,200000,69520960835,max_direct_match_over_supply,-56.6208461502,1e-07,True
high_bonus_surcharge_sensitive,conditional,200000,69520960835,max_direct_payment_over_demand,-86.548852833,1e-07,True
high_bonus_surcharge_sensitive,conditional,200000,69520960835,max_direct_payment_reconciliation_error,2.32830643654e-10,1e-07,True
high_bonus_surcharge_sensitive,conditional,200000,69520960835,max_displacement_over_new_cash,-0.879890018437,1e-07,True
high_bonus_surcharge_sensitive,conditional,200000,69520960835,max_field_cash_reconciliation_error,3.72529029846e-09,1e-05,True
high_bonus_surcharge_sensitive,conditional,200000,69520960835,max_field_ordinary_reconciliation_error,5.82076609135e-11,1e-05,True
high_bonus_surcharge_sensitive,conditional,200000,69520960835,max_field_skilled_reconciliation_error,1.45519152284e-11,1e-05,True
high_bonus_surcharge_sensitive,conditional,200000,69520960835,max_net_cash_reconciliation_error,2.09547579288e-09,1e-07,True
high_bonus_surcharge_sensitive,conditional,200000,69520960835,max_redirect_classification_reconciliation_error,9.31322574615e-10,1e-07,True
high_bonus_surcharge_sensitive,conditional,200000,69520960835,max_redirect_principal_reconciliation_error,0,1e-07,True
high_bonus_surcharge_sensitive,conditional,200000,69520960835,max_redirect_settlement_reconciliation_error,6.98491930962e-10,1e-07,True
high_bonus_surcharge_sensitive,probability_weighted,200000,69530960854,max_cash_budget_overage,0,1e-07,True
high_bonus_surcharge_sensitive,probability_weighted,200000,69530960854,max_dac_accepted_over_willing_pledge,0,1e-07,True
high_bonus_surcharge_sensitive,probability_weighted,200000,69530960854,max_dac_funding_over_accepted_principal,1.16415321827e-10,1e-07,True
high_bonus_surcharge_sensitive,probability_weighted,200000,69530960854,max_dac_liability_over_reserve,7.27595761418e-12,1e-07,True
high_bonus_surcharge_sensitive,probability_weighted,200000,69530960854,max_dac_liability_settlement_error,1.45519152284e-11,1e-07,True
high_bonus_surcharge_sensitive,probability_weighted,200000,69530960854,max_dac_principal_reconciliation_error,1.01863406599e-10,1e-07,True
high_bonus_surcharge_sensitive,probability_weighted,200000,69530960854,max_dac_reserve_reconciliation_error,1.45519152284e-11,1e-07,True
high_bonus_surcharge_sensitive,probability_weighted,200000,69530960854,max_dac_threshold_reconciliation_error,0,1e-07,True
high_bonus_surcharge_sensitive,probability_weighted,200000,69530960854,max_dac_waiting_reconciliation_error,0,1e-07,True
high_bonus_surcharge_sensitive,probability_weighted,200000,69530960854,max_direct_completion_over_match,0,1e-07,True
high_bonus_surcharge_sensitive,probability_weighted,200000,69530960854,max_direct_match_over_supply,0,1e-07,True
high_bonus_surcharge_sensitive,probability_weighted,200000,69530960854,max_direct_payment_over_demand,0,1e-07,True
high_bonus_surcharge_sensitive,probability_weighted,200000,69530960854,max_direct_payment_reconciliation_error,1.16415321827e-10,1e-07,True
high_bonus_surcharge_sensitive,probability_weighted,200000,69530960854,max_displacement_over_new_cash,0,1e-07,True
high_bonus_surcharge_sensitive,probability_weighted,200000,69530960854,max_field_cash_reconciliation_error,3.72529029846e-09,1e-05,True
high_bonus_surcharge_sensitive,probability_weighted,200000,69530960854,max_field_ordinary_reconciliation_error,2.91038304567e-11,1e-05,True
high_bonus_surcharge_sensitive,probability_weighted,200000,69530960854,max_field_skilled_reconciliation_error,1.45519152284e-11,1e-05,True
high_bonus_surcharge_sensitive,probability_weighted,200000,69530960854,max_net_cash_reconciliation_error,1.97906047106e-09,1e-07,True
high_bonus_surcharge_sensitive,probability_weighted,200000,69530960854,max_redirect_classification_reconciliation_error,4.65661287308e-10,1e-07,True
high_bonus_surcharge_sensitive,probability_weighted,200000,69530960854,max_redirect_principal_reconciliation_error,0,1e-07,True
high_bonus_surcharge_sensitive,probability_weighted,200000,69530960854,max_redirect_settlement_reconciliation_error,6.98491930962e-10,1e-07,True
near_zero_additionality,conditional,200000,69521060838,max_cash_budget_overage,-212.763744224,1e-07,True
near_zero_additionality,conditional,200000,69521060838,max_dac_accepted_over_willing_pledge,0,1e-07,True
near_zero_additionality,conditional,200000,69521060838,max_dac_funding_over_accepted_principal,1.16415321827e-10,1e-07,True
near_zero_additionality,conditional,200000,69521060838,max_dac_liability_over_reserve,7.27595761418e-12,1e-07,True
near_zero_additionality,conditional,200000,69521060838,max_dac_liability_settlement_error,7.73070496507e-12,1e-07,True
near_zero_additionality,conditional,200000,69521060838,max_dac_principal_reconciliation_error,1.30967237055e-10,1e-07,True
near_zero_additionality,conditional,200000,69521060838,max_dac_reserve_reconciliation_error,2.91038304567e-11,1e-07,True
near_zero_additionality,conditional,200000,69521060838,max_dac_threshold_reconciliation_error,0,1e-07,True
near_zero_additionality,conditional,200000,69521060838,max_dac_waiting_reconciliation_error,0,1e-07,True
near_zero_additionality,conditional,200000,69521060838,max_direct_completion_over_match,-0.000141709657449,1e-07,True
near_zero_additionality,conditional,200000,69521060838,max_direct_match_over_supply,-87.1121684678,1e-07,True
near_zero_additionality,conditional,200000,69521060838,max_direct_payment_over_demand,-111.480599527,1e-07,True
near_zero_additionality,conditional,200000,69521060838,max_direct_payment_reconciliation_error,2.32830643654e-10,1e-07,True
near_zero_additionality,conditional,200000,69521060838,max_displacement_over_new_cash,-0.00345895524696,1e-07,True
near_zero_additionality,conditional,200000,69521060838,max_field_cash_reconciliation_error,3.72529029846e-09,1e-05,True
near_zero_additionality,conditional,200000,69521060838,max_field_ordinary_reconciliation_error,1.81898940355e-12,1e-05,True
near_zero_additionality,conditional,200000,69521060838,max_field_skilled_reconciliation_error,9.09494701773e-13,1e-05,True
near_zero_additionality,conditional,200000,69521060838,max_net_cash_reconciliation_error,6.98491930962e-10,1e-07,True
near_zero_additionality,conditional,200000,69521060838,max_redirect_classification_reconciliation_error,9.31322574615e-10,1e-07,True
near_zero_additionality,conditional,200000,69521060838,max_redirect_principal_reconciliation_error,0,1e-07,True
near_zero_additionality,conditional,200000,69521060838,max_redirect_settlement_reconciliation_error,6.98491930962e-10,1e-07,True
near_zero_additionality,probability_weighted,200000,69531060857,max_cash_budget_overage,0,1e-07,True
near_zero_additionality,probability_weighted,200000,69531060857,max_dac_accepted_over_willing_pledge,0,1e-07,True
near_zero_additionality,probability_weighted,200000,69531060857,max_dac_funding_over_accepted_principal,2.32830643654e-10,1e-07,True
near_zero_additionality,probability_weighted,200000,69531060857,max_dac_liability_over_reserve,7.27595761418e-12,1e-07,True
near_zero_additionality,probability_weighted,200000,69531060857,max_dac_liability_settlement_error,1.45519152284e-11,1e-07,True
near_zero_additionality,probability_weighted,200000,69531060857,max_dac_principal_reconciliation_error,1.89174897969e-10,1e-07,True
near_zero_additionality,probability_weighted,200000,69531060857,max_dac_reserve_reconciliation_error,2.91038304567e-11,1e-07,True
near_zero_additionality,probability_weighted,200000,69531060857,max_dac_threshold_reconciliation_error,0,1e-07,True
near_zero_additionality,probability_weighted,200000,69531060857,max_dac_waiting_reconciliation_error,0,1e-07,True
near_zero_additionality,probability_weighted,200000,69531060857,max_direct_completion_over_match,0,1e-07,True
near_zero_additionality,probability_weighted,200000,69531060857,max_direct_match_over_supply,0,1e-07,True
near_zero_additionality,probability_weighted,200000,69531060857,max_direct_payment_over_demand,0,1e-07,True
near_zero_additionality,probability_weighted,200000,69531060857,max_direct_payment_reconciliation_error,2.32830643654e-10,1e-07,True
near_zero_additionality,probability_weighted,200000,69531060857,max_displacement_over_new_cash,0,1e-07,True
near_zero_additionality,probability_weighted,200000,69531060857,max_field_cash_reconciliation_error,3.72529029846e-09,1e-05,True
near_zero_additionality,probability_weighted,200000,69531060857,max_field_ordinary_reconciliation_error,9.09494701773e-13,1e-05,True
near_zero_additionality,probability_weighted,200000,69531060857,max_field_skilled_reconciliation_error,9.09494701773e-13,1e-05,True
near_zero_additionality,probability_weighted,200000,69531060857,max_net_cash_reconciliation_error,4.65661287308e-10,1e-07,True
near_zero_additionality,probability_weighted,200000,69531060857,max_redirect_classification_reconciliation_error,9.31322574615e-10,1e-07,True
near_zero_additionality,probability_weighted,200000,69531060857,max_redirect_principal_reconciliation_error,0,1e-07,True
near_zero_additionality,probability_weighted,200000,69531060857,max_redirect_settlement_reconciliation_error,6.98491930962e-10,1e-07,True
voluntary_pools,conditional,200000,69521160841,max_cash_budget_overage,-224.555782997,1e-07,True
voluntary_pools,conditional,200000,69521160841,max_dac_accepted_over_willing_pledge,0,1e-07,True
voluntary_pools,conditional,200000,69521160841,max_dac_funding_over_accepted_principal,5.82076609135e-11,1e-07,True
voluntary_pools,conditional,200000,69521160841,max_dac_liability_over_reserve,3.63797880709e-12,1e-07,True
voluntary_pools,conditional,200000,69521160841,max_dac_liability_settlement_error,4.09272615798e-12,1e-07,True
voluntary_pools,conditional,200000,69521160841,max_dac_principal_reconciliation_error,6.91215973347e-11,1e-07,True
voluntary_pools,conditional,200000,69521160841,max_dac_reserve_reconciliation_error,7.27595761418e-12,1e-07,True
voluntary_pools,conditional,200000,69521160841,max_dac_threshold_reconciliation_error,0,1e-07,True
voluntary_pools,conditional,200000,69521160841,max_dac_waiting_reconciliation_error,0,1e-07,True
voluntary_pools,conditional,200000,69521160841,max_direct_completion_over_match,-4.85118520505e-05,1e-07,True
voluntary_pools,conditional,200000,69521160841,max_direct_match_over_supply,-72.7953555395,1e-07,True
voluntary_pools,conditional,200000,69521160841,max_direct_payment_over_demand,-223.39578883,1e-07,True
voluntary_pools,conditional,200000,69521160841,max_direct_payment_reconciliation_error,2.32830643654e-10,1e-07,True
voluntary_pools,conditional,200000,69521160841,max_displacement_over_new_cash,-0.117671451309,1e-07,True
voluntary_pools,conditional,200000,69521160841,max_field_cash_reconciliation_error,3.72529029846e-09,1e-05,True
voluntary_pools,conditional,200000,69521160841,max_field_ordinary_reconciliation_error,2.91038304567e-11,1e-05,True
voluntary_pools,conditional,200000,69521160841,max_field_skilled_reconciliation_error,1.45519152284e-11,1e-05,True
voluntary_pools,conditional,200000,69521160841,max_net_cash_reconciliation_error,2.09547579288e-09,1e-07,True
voluntary_pools,conditional,200000,69521160841,max_redirect_classification_reconciliation_error,6.98491930962e-10,1e-07,True
voluntary_pools,conditional,200000,69521160841,max_redirect_principal_reconciliation_error,0,1e-07,True
voluntary_pools,conditional,200000,69521160841,max_redirect_settlement_reconciliation_error,6.98491930962e-10,1e-07,True
voluntary_pools,probability_weighted,200000,69531160860,max_cash_budget_overage,0,1e-07,True
voluntary_pools,probability_weighted,200000,69531160860,max_dac_accepted_over_willing_pledge,0,1e-07,True
voluntary_pools,probability_weighted,200000,69531160860,max_dac_funding_over_accepted_principal,5.82076609135e-11,1e-07,True
voluntary_pools,probability_weighted,200000,69531160860,max_dac_liability_over_reserve,3.63797880709e-12,1e-07,True
voluntary_pools,probability_weighted,200000,69531160860,max_dac_liability_settlement_error,3.63797880709e-12,1e-07,True
voluntary_pools,probability_weighted,200000,69531160860,max_dac_principal_reconciliation_error,5.82076609135e-11,1e-07,True
voluntary_pools,probability_weighted,200000,69531160860,max_dac_reserve_reconciliation_error,7.27595761418e-12,1e-07,True
voluntary_pools,probability_weighted,200000,69531160860,max_dac_threshold_reconciliation_error,0,1e-07,True
voluntary_pools,probability_weighted,200000,69531160860,max_dac_waiting_reconciliation_error,0,1e-07,True
voluntary_pools,probability_weighted,200000,69531160860,max_direct_completion_over_match,0,1e-07,True
voluntary_pools,probability_weighted,200000,69531160860,max_direct_match_over_supply,0,1e-07,True
voluntary_pools,probability_weighted,200000,69531160860,max_direct_payment_over_demand,0,1e-07,True
voluntary_pools,probability_weighted,200000,69531160860,max_direct_payment_reconciliation_error,2.32830643654e-10,1e-07,True
voluntary_pools,probability_weighted,200000,69531160860,max_displacement_over_new_cash,0,1e-07,True
voluntary_pools,probability_weighted,200000,69531160860,max_field_cash_reconciliation_error,3.72529029846e-09,1e-05,True
voluntary_pools,probability_weighted,200000,69531160860,max_field_ordinary_reconciliation_error,2.91038304567e-11,1e-05,True
voluntary_pools,probability_weighted,200000,69531160860,max_field_skilled_reconciliation_error,7.27595761418e-12,1e-05,True
voluntary_pools,probability_weighted,200000,69531160860,max_net_cash_reconciliation_error,1.86264514923e-09,1e-07,True
voluntary_pools,probability_weighted,200000,69531160860,max_redirect_classification_reconciliation_error,4.65661287308e-10,1e-07,True
voluntary_pools,probability_weighted,200000,69531160860,max_redirect_principal_reconciliation_error,0,1e-07,True
voluntary_pools,probability_weighted,200000,69531160860,max_redirect_settlement_reconciliation_error,6.98491930962e-10,1e-07,True
compulsory_5pct_governance,conditional,200000,69521260844,max_cash_budget_overage,-148.407484782,1e-07,True
compulsory_5pct_governance,conditional,200000,69521260844,max_dac_accepted_over_willing_pledge,0,1e-07,True
compulsory_5pct_governance,conditional,200000,69521260844,max_dac_funding_over_accepted_principal,1.16415321827e-10,1e-07,True
compulsory_5pct_governance,conditional,200000,69521260844,max_dac_liability_over_reserve,7.27595761418e-12,1e-07,True
compulsory_5pct_governance,conditional,200000,69521260844,max_dac_liability_settlement_error,1.45519152284e-11,1e-07,True
compulsory_5pct_governance,conditional,200000,69521260844,max_dac_principal_reconciliation_error,2.32830643654e-10,1e-07,True
compulsory_5pct_governance,conditional,200000,69521260844,max_dac_reserve_reconciliation_error,4.36557456851e-11,1e-07,True
compulsory_5pct_governance,conditional,200000,69521260844,max_dac_threshold_reconciliation_error,0,1e-07,True
compulsory_5pct_governance,conditional,200000,69521260844,max_dac_waiting_reconciliation_error,0,1e-07,True
compulsory_5pct_governance,conditional,200000,69521260844,max_direct_completion_over_match,-2.74736440555e-05,1e-07,True
compulsory_5pct_governance,conditional,200000,69521260844,max_direct_match_over_supply,-96.2810692999,1e-07,True
compulsory_5pct_governance,conditional,200000,69521260844,max_direct_payment_over_demand,-182.044350301,1e-07,True
compulsory_5pct_governance,conditional,200000,69521260844,max_direct_payment_reconciliation_error,1.16415321827e-10,1e-07,True
compulsory_5pct_governance,conditional,200000,69521260844,max_displacement_over_new_cash,-0.260857259667,1e-07,True
compulsory_5pct_governance,conditional,200000,69521260844,max_field_cash_reconciliation_error,3.72529029846e-09,1e-05,True
compulsory_5pct_governance,conditional,200000,69521260844,max_field_ordinary_reconciliation_error,5.82076609135e-11,1e-05,True
compulsory_5pct_governance,conditional,200000,69521260844,max_field_skilled_reconciliation_error,1.45519152284e-11,1e-05,True
compulsory_5pct_governance,conditional,200000,69521260844,max_net_cash_reconciliation_error,1.97906047106e-09,1e-07,True
compulsory_5pct_governance,conditional,200000,69521260844,max_redirect_classification_reconciliation_error,4.65661287308e-10,1e-07,True
compulsory_5pct_governance,conditional,200000,69521260844,max_redirect_principal_reconciliation_error,0,1e-07,True
compulsory_5pct_governance,conditional,200000,69521260844,max_redirect_settlement_reconciliation_error,6.98491930962e-10,1e-07,True
compulsory_5pct_governance,probability_weighted,200000,69531260863,max_cash_budget_overage,0,1e-07,True
compulsory_5pct_governance,probability_weighted,200000,69531260863,max_dac_accepted_over_willing_pledge,0,1e-07,True
compulsory_5pct_governance,probability_weighted,200000,69531260863,max_dac_funding_over_accepted_principal,4.65661287308e-10,1e-07,True
compulsory_5pct_governance,probability_weighted,200000,69531260863,max_dac_liability_over_reserve,7.27595761418e-12,1e-07,True
compulsory_5pct_governance,probability_weighted,200000,69531260863,max_dac_liability_settlement_error,2.91038304567e-11,1e-07,True
compulsory_5pct_governance,probability_weighted,200000,69531260863,max_dac_principal_reconciliation_error,4.65661287308e-10,1e-07,True
compulsory_5pct_governance,probability_weighted,200000,69531260863,max_dac_reserve_reconciliation_error,5.82076609135e-11,1e-07,True
compulsory_5pct_governance,probability_weighted,200000,69531260863,max_dac_threshold_reconciliation_error,0,1e-07,True
compulsory_5pct_governance,probability_weighted,200000,69531260863,max_dac_waiting_reconciliation_error,0,1e-07,True
compulsory_5pct_governance,probability_weighted,200000,69531260863,max_direct_completion_over_match,0,1e-07,True
compulsory_5pct_governance,probability_weighted,200000,69531260863,max_direct_match_over_supply,0,1e-07,True
compulsory_5pct_governance,probability_weighted,200000,69531260863,max_direct_payment_over_demand,0,1e-07,True
compulsory_5pct_governance,probability_weighted,200000,69531260863,max_direct_payment_reconciliation_error,1.16415321827e-10,1e-07,True
compulsory_5pct_governance,probability_weighted,200000,69531260863,max_displacement_over_new_cash,0,1e-07,True
compulsory_5pct_governance,probability_weighted,200000,69531260863,max_field_cash_reconciliation_error,2.79396772385e-09,1e-05,True
compulsory_5pct_governance,probability_weighted,200000,69531260863,max_field_ordinary_reconciliation_error,2.91038304567e-11,1e-05,True
compulsory_5pct_governance,probability_weighted,200000,69531260863,max_field_skilled_reconciliation_error,1.45519152284e-11,1e-05,True
compulsory_5pct_governance,probability_weighted,200000,69531260863,max_net_cash_reconciliation_error,1.39698386192e-09,1e-07,True
compulsory_5pct_governance,probability_weighted,200000,69531260863,max_redirect_classification_reconciliation_error,9.31322574615e-10,1e-07,True
compulsory_5pct_governance,probability_weighted,200000,69531260863,max_redirect_principal_reconciliation_error,0,1e-07,True
compulsory_5pct_governance,probability_weighted,200000,69531260863,max_redirect_settlement_reconciliation_error,5.82076609135e-10,1e-07,True
