scenario,forecast_basis,diagnostic,unit,draws,seed,mean,median,p05,p10,p25,p75,p90,p95,evidence_status
central,conditional,dac_cash_latent_credit,causal_credit,200000,69520260814,0.324166060531,0.324166060531,0.324166060531,0.324166060531,0.324166060531,0.324166060531,0.324166060531,0.324166060531,prior_driven_structural_diagnostic_not_empirical
central,conditional,direct_accepted_price_usd_per_hour,USD_per_hour,200000,69520260814,33.9261223745,21.598360959,0,0,0,48.1555747666,85.1241830984,117.358818592,prior_driven_structural_diagnostic_not_empirical
central,conditional,direct_cash_latent_credit,causal_credit,200000,69520260814,0.334729665661,0.334729665661,0.334729665661,0.334729665661,0.334729665661,0.334729665661,0.334729665661,0.334729665661,prior_driven_structural_diagnostic_not_empirical
central,conditional,direct_labor_latent_credit,causal_credit,200000,69520260814,0.39648411138,0.39648411138,0.39648411138,0.39648411138,0.39648411138,0.39648411138,0.39648411138,0.39648411138,prior_driven_structural_diagnostic_not_empirical
central,conditional,direct_payer_wtp_usd_per_hour,USD_per_hour,200000,69520260814,60.9617464787,38.8496265255,8.11459519455,11.4573003994,20.4614637852,73.7425248695,131.517994603,184.8727653,prior_driven_structural_diagnostic_not_empirical
central,conditional,direct_price_compatible,indicator,200000,69520260814,0.655915,1,0,0,0,1,1,1,prior_driven_structural_diagnostic_not_empirical
central,conditional,direct_price_overlap,proportion,200000,69520260814,0.302804422515,0.316183230567,0,0,0,0.522209055545,0.667378472486,0.734417803036,prior_driven_structural_diagnostic_not_empirical
central,conditional,direct_supplier_wta_usd_per_hour,USD_per_hour,200000,69520260814,40.1250264582,29.4304548472,8.10013282097,10.7547815898,17.2967106409,50.1146246695,80.8993046755,107.529617626,prior_driven_structural_diagnostic_not_empirical
central,conditional,redirect_cash_latent_credit,causal_credit,200000,69520260814,0.232515502043,0.232515502043,0.232515502043,0.232515502043,0.232515502043,0.232515502043,0.232515502043,0.232515502043,prior_driven_structural_diagnostic_not_empirical
central,probability_weighted,dac_cash_latent_credit,causal_credit,200000,69530260833,0.324166060531,0.324166060531,0.324166060531,0.324166060531,0.324166060531,0.324166060531,0.324166060531,0.324166060531,prior_driven_structural_diagnostic_not_empirical
central,probability_weighted,direct_accepted_price_usd_per_hour,USD_per_hour,200000,69530260833,34.0362079394,21.7838257696,0,0,0,48.4234690078,85.2762470272,116.875298915,prior_driven_structural_diagnostic_not_empirical
central,probability_weighted,direct_cash_latent_credit,causal_credit,200000,69530260833,0.334729665661,0.334729665661,0.334729665661,0.334729665661,0.334729665661,0.334729665661,0.334729665661,0.334729665661,prior_driven_structural_diagnostic_not_empirical
central,probability_weighted,direct_labor_latent_credit,causal_credit,200000,69530260833,0.39648411138,0.39648411138,0.39648411138,0.39648411138,0.39648411138,0.39648411138,0.39648411138,0.39648411138,prior_driven_structural_diagnostic_not_empirical
central,probability_weighted,direct_payer_wtp_usd_per_hour,USD_per_hour,200000,69530260833,61.1042669867,39.0934378049,8.23696280249,11.6091182374,20.6043047129,73.9131082737,131.160039566,184.959639143,prior_driven_structural_diagnostic_not_empirical
central,probability_weighted,direct_price_compatible,indicator,200000,69530260833,0.65693,1,0,0,0,1,1,1,prior_driven_structural_diagnostic_not_empirical
central,probability_weighted,direct_price_overlap,proportion,200000,69530260833,0.303061283823,0.316551718184,0,0,0,0.522374062443,0.667155319412,0.733288668868,prior_driven_structural_diagnostic_not_empirical
central,probability_weighted,direct_supplier_wta_usd_per_hour,USD_per_hour,200000,69530260833,40.230731959,29.6148989326,8.19985708041,10.8343260155,17.4146318683,50.1810092862,80.7686384258,107.022539825,prior_driven_structural_diagnostic_not_empirical
central,probability_weighted,redirect_cash_latent_credit,causal_credit,200000,69530260833,0.232515502043,0.232515502043,0.232515502043,0.232515502043,0.232515502043,0.232515502043,0.232515502043,0.232515502043,prior_driven_structural_diagnostic_not_empirical
thin_market,conditional,dac_cash_latent_credit,causal_credit,200000,69520360817,0.324166060531,0.324166060531,0.324166060531,0.324166060531,0.324166060531,0.324166060531,0.324166060531,0.324166060531,prior_driven_structural_diagnostic_not_empirical
thin_market,conditional,direct_accepted_price_usd_per_hour,USD_per_hour,200000,69520360817,34.2257608538,21.9000930068,0,0,0,48.5497207063,85.5742511845,117.8397179,prior_driven_structural_diagnostic_not_empirical
thin_market,conditional,direct_cash_latent_credit,causal_credit,200000,69520360817,0.334729665661,0.334729665661,0.334729665661,0.334729665661,0.334729665661,0.334729665661,0.334729665661,0.334729665661,prior_driven_structural_diagnostic_not_empirical
thin_market,conditional,direct_labor_latent_credit,causal_credit,200000,69520360817,0.39648411138,0.39648411138,0.39648411138,0.39648411138,0.39648411138,0.39648411138,0.39648411138,0.39648411138,prior_driven_structural_diagnostic_not_empirical
thin_market,conditional,direct_payer_wtp_usd_per_hour,USD_per_hour,200000,69520360817,61.2609362136,38.9643066976,8.20722980079,11.5879937844,20.6088655228,74.3637222232,131.977436445,185.18648811,prior_driven_structural_diagnostic_not_empirical
thin_market,conditional,direct_price_compatible,indicator,200000,69520360817,0.657325,1,0,0,0,1,1,1,prior_driven_structural_diagnostic_not_empirical
thin_market,conditional,direct_price_overlap,proportion,200000,69520360817,0.303307680658,0.316358740378,0,0,0,0.523040885211,0.666707407291,0.733217015781,prior_driven_structural_diagnostic_not_empirical
thin_market,conditional,direct_supplier_wta_usd_per_hour,USD_per_hour,200000,69520360817,40.3068788699,29.5520667072,8.18852217083,10.8713385279,17.4797393131,50.2664654459,81.0988201296,108.255808476,prior_driven_structural_diagnostic_not_empirical
thin_market,conditional,redirect_cash_latent_credit,causal_credit,200000,69520360817,0.232515502043,0.232515502043,0.232515502043,0.232515502043,0.232515502043,0.232515502043,0.232515502043,0.232515502043,prior_driven_structural_diagnostic_not_empirical
thin_market,probability_weighted,dac_cash_latent_credit,causal_credit,200000,69530360836,0.324166060531,0.324166060531,0.324166060531,0.324166060531,0.324166060531,0.324166060531,0.324166060531,0.324166060531,prior_driven_structural_diagnostic_not_empirical
thin_market,probability_weighted,direct_accepted_price_usd_per_hour,USD_per_hour,200000,69530360836,34.1188151354,21.7595388249,0,0,0,48.4126963248,85.3409307414,117.630167939,prior_driven_structural_diagnostic_not_empirical
thin_market,probability_weighted,direct_cash_latent_credit,causal_credit,200000,69530360836,0.334729665661,0.334729665661,0.334729665661,0.334729665661,0.334729665661,0.334729665661,0.334729665661,0.334729665661,prior_driven_structural_diagnostic_not_empirical
thin_market,probability_weighted,direct_labor_latent_credit,causal_credit,200000,69530360836,0.39648411138,0.39648411138,0.39648411138,0.39648411138,0.39648411138,0.39648411138,0.39648411138,0.39648411138,prior_driven_structural_diagnostic_not_empirical
thin_market,probability_weighted,direct_payer_wtp_usd_per_hour,USD_per_hour,200000,69530360836,61.3348331435,38.9904381774,8.21856893065,11.5837225826,20.6852520691,74.2654408121,132.031507921,186.269749142,prior_driven_structural_diagnostic_not_empirical
thin_market,probability_weighted,direct_price_compatible,indicator,200000,69530360836,0.65676,1,0,0,0,1,1,1,prior_driven_structural_diagnostic_not_empirical
thin_market,probability_weighted,direct_price_overlap,proportion,200000,69530360836,0.303210096872,0.316569514734,0,0,0,0.522957432129,0.666387888897,0.732698356832,prior_driven_structural_diagnostic_not_empirical
thin_market,probability_weighted,direct_supplier_wta_usd_per_hour,USD_per_hour,200000,69530360836,40.4176149325,29.5507602538,8.13465054237,10.8180784845,17.3946977251,50.4539195914,81.2453089321,107.936909552,prior_driven_structural_diagnostic_not_empirical
thin_market,probability_weighted,redirect_cash_latent_credit,causal_credit,200000,69530360836,0.232515502043,0.232515502043,0.232515502043,0.232515502043,0.232515502043,0.232515502043,0.232515502043,0.232515502043,prior_driven_structural_diagnostic_not_empirical
trust_evidence_failure,conditional,dac_cash_latent_credit,causal_credit,200000,69520460820,0.324166060531,0.324166060531,0.324166060531,0.324166060531,0.324166060531,0.324166060531,0.324166060531,0.324166060531,prior_driven_structural_diagnostic_not_empirical
trust_evidence_failure,conditional,direct_accepted_price_usd_per_hour,USD_per_hour,200000,69520460820,34.0667519344,21.6704247632,0,0,0,48.2457193127,85.5882282256,117.727531157,prior_driven_structural_diagnostic_not_empirical
trust_evidence_failure,conditional,direct_cash_latent_credit,causal_credit,200000,69520460820,0.334729665661,0.334729665661,0.334729665661,0.334729665661,0.334729665661,0.334729665661,0.334729665661,0.334729665661,prior_driven_structural_diagnostic_not_empirical
trust_evidence_failure,conditional,direct_labor_latent_credit,causal_credit,200000,69520460820,0.39648411138,0.39648411138,0.39648411138,0.39648411138,0.39648411138,0.39648411138,0.39648411138,0.39648411138,prior_driven_structural_diagnostic_not_empirical
trust_evidence_failure,conditional,direct_payer_wtp_usd_per_hour,USD_per_hour,200000,69520460820,61.159603135,38.8523847031,8.16673208336,11.4688387312,20.5218834299,73.8376913056,131.682947717,186.499169913,prior_driven_structural_diagnostic_not_empirical
trust_evidence_failure,conditional,direct_price_compatible,indicator,200000,69520460820,0.6553,1,0,0,0,1,1,1,prior_driven_structural_diagnostic_not_empirical
trust_evidence_failure,conditional,direct_price_overlap,proportion,200000,69520460820,0.302796148051,0.315781312917,0,0,0,0.522345039662,0.666793502106,0.732800373326,prior_driven_structural_diagnostic_not_empirical
trust_evidence_failure,conditional,direct_supplier_wta_usd_per_hour,USD_per_hour,200000,69520460820,40.1908693048,29.4675321021,8.06288860594,10.7660129746,17.3881404417,50.184745986,80.9247146797,107.705793023,prior_driven_structural_diagnostic_not_empirical
trust_evidence_failure,conditional,redirect_cash_latent_credit,causal_credit,200000,69520460820,0.232515502043,0.232515502043,0.232515502043,0.232515502043,0.232515502043,0.232515502043,0.232515502043,0.232515502043,prior_driven_structural_diagnostic_not_empirical
trust_evidence_failure,probability_weighted,dac_cash_latent_credit,causal_credit,200000,69530460839,0.324166060531,0.324166060531,0.324166060531,0.324166060531,0.324166060531,0.324166060531,0.324166060531,0.324166060531,prior_driven_structural_diagnostic_not_empirical
trust_evidence_failure,probability_weighted,direct_accepted_price_usd_per_hour,USD_per_hour,200000,69530460839,34.1608347234,21.8478079859,0,0,0,48.38061178,85.3258579564,117.319216852,prior_driven_structural_diagnostic_not_empirical
trust_evidence_failure,probability_weighted,direct_cash_latent_credit,causal_credit,200000,69530460839,0.334729665661,0.334729665661,0.334729665661,0.334729665661,0.334729665661,0.334729665661,0.334729665661,0.334729665661,prior_driven_structural_diagnostic_not_empirical
trust_evidence_failure,probability_weighted,direct_labor_latent_credit,causal_credit,200000,69530460839,0.39648411138,0.39648411138,0.39648411138,0.39648411138,0.39648411138,0.39648411138,0.39648411138,0.39648411138,prior_driven_structural_diagnostic_not_empirical
trust_evidence_failure,probability_weighted,direct_payer_wtp_usd_per_hour,USD_per_hour,200000,69530460839,61.3235864771,38.9938498414,8.16029589112,11.5412654612,20.4641310688,74.0274243131,131.305436134,186.398525236,prior_driven_structural_diagnostic_not_empirical
trust_evidence_failure,probability_weighted,direct_price_compatible,indicator,200000,69530460839,0.657755,1,0,0,0,1,1,1,prior_driven_structural_diagnostic_not_empirical
trust_evidence_failure,probability_weighted,direct_price_overlap,proportion,200000,69530460839,0.304047851206,0.317066441368,0,0,0,0.524451983533,0.668549718268,0.733726009403,prior_driven_structural_diagnostic_not_empirical
trust_evidence_failure,probability_weighted,direct_supplier_wta_usd_per_hour,USD_per_hour,200000,69530460839,40.203404434,29.5083841073,8.10207889365,10.7613783267,17.374544169,50.1619496214,80.4935779924,107.190696984,prior_driven_structural_diagnostic_not_empirical
trust_evidence_failure,probability_weighted,redirect_cash_latent_credit,causal_credit,200000,69530460839,0.232515502043,0.232515502043,0.232515502043,0.232515502043,0.232515502043,0.232515502043,0.232515502043,0.232515502043,prior_driven_structural_diagnostic_not_empirical
redirect_dominant,conditional,dac_cash_latent_credit,causal_credit,200000,69520560823,0.324166060531,0.324166060531,0.324166060531,0.324166060531,0.324166060531,0.324166060531,0.324166060531,0.324166060531,prior_driven_structural_diagnostic_not_empirical
redirect_dominant,conditional,direct_accepted_price_usd_per_hour,USD_per_hour,200000,69520560823,33.9562107282,21.7553846324,0,0,0,48.0935412404,85.1148698672,117.011132441,prior_driven_structural_diagnostic_not_empirical
redirect_dominant,conditional,direct_cash_latent_credit,causal_credit,200000,69520560823,0.334729665661,0.334729665661,0.334729665661,0.334729665661,0.334729665661,0.334729665661,0.334729665661,0.334729665661,prior_driven_structural_diagnostic_not_empirical
redirect_dominant,conditional,direct_labor_latent_credit,causal_credit,200000,69520560823,0.39648411138,0.39648411138,0.39648411138,0.39648411138,0.39648411138,0.39648411138,0.39648411138,0.39648411138,prior_driven_structural_diagnostic_not_empirical
redirect_dominant,conditional,direct_payer_wtp_usd_per_hour,USD_per_hour,200000,69520560823,60.9568493104,39.0835369437,8.11929893828,11.5000155155,20.5379674721,73.8426516452,131.111514001,184.589764246,prior_driven_structural_diagnostic_not_empirical
redirect_dominant,conditional,direct_price_compatible,indicator,200000,69520560823,0.65571,1,0,0,0,1,1,1,prior_driven_structural_diagnostic_not_empirical
redirect_dominant,conditional,direct_price_overlap,proportion,200000,69520560823,0.302537483286,0.315416382747,0,0,0,0.522163038269,0.665959496169,0.733437731201,prior_driven_structural_diagnostic_not_empirical
redirect_dominant,conditional,direct_supplier_wta_usd_per_hour,USD_per_hour,200000,69520560823,40.3078933174,29.5045657097,8.09762652513,10.8034092641,17.3951042427,50.2375643444,81.1293115177,108.074149964,prior_driven_structural_diagnostic_not_empirical
redirect_dominant,conditional,redirect_cash_latent_credit,causal_credit,200000,69520560823,0.232515502043,0.232515502043,0.232515502043,0.232515502043,0.232515502043,0.232515502043,0.232515502043,0.232515502043,prior_driven_structural_diagnostic_not_empirical
redirect_dominant,probability_weighted,dac_cash_latent_credit,causal_credit,200000,69530560842,0.324166060531,0.324166060531,0.324166060531,0.324166060531,0.324166060531,0.324166060531,0.324166060531,0.324166060531,prior_driven_structural_diagnostic_not_empirical
redirect_dominant,probability_weighted,direct_accepted_price_usd_per_hour,USD_per_hour,200000,69530560842,33.8774245383,21.732956509,0,0,0,48.0903259679,84.8631276619,116.15901572,prior_driven_structural_diagnostic_not_empirical
redirect_dominant,probability_weighted,direct_cash_latent_credit,causal_credit,200000,69530560842,0.334729665661,0.334729665661,0.334729665661,0.334729665661,0.334729665661,0.334729665661,0.334729665661,0.334729665661,prior_driven_structural_diagnostic_not_empirical
redirect_dominant,probability_weighted,direct_labor_latent_credit,causal_credit,200000,69530560842,0.39648411138,0.39648411138,0.39648411138,0.39648411138,0.39648411138,0.39648411138,0.39648411138,0.39648411138,prior_driven_structural_diagnostic_not_empirical
redirect_dominant,probability_weighted,direct_payer_wtp_usd_per_hour,USD_per_hour,200000,69530560842,60.723774867,38.8130400106,8.17998002498,11.5126359164,20.5026620934,73.4287200478,130.817562756,184.245874802,prior_driven_structural_diagnostic_not_empirical
redirect_dominant,probability_weighted,direct_price_compatible,indicator,200000,69530560842,0.657655,1,0,0,0,1,1,1,prior_driven_structural_diagnostic_not_empirical
redirect_dominant,probability_weighted,direct_price_overlap,proportion,200000,69530560842,0.303050560468,0.316213302674,0,0,0,0.521920666261,0.666255140345,0.732390421142,prior_driven_structural_diagnostic_not_empirical
redirect_dominant,probability_weighted,direct_supplier_wta_usd_per_hour,USD_per_hour,200000,69530560842,40.0790872956,29.4532713862,8.06324772484,10.7573440019,17.344713356,50.0908704137,80.7076471768,106.850342027,prior_driven_structural_diagnostic_not_empirical
redirect_dominant,probability_weighted,redirect_cash_latent_credit,causal_credit,200000,69530560842,0.232515502043,0.232515502043,0.232515502043,0.232515502043,0.232515502043,0.232515502043,0.232515502043,0.232515502043,prior_driven_structural_diagnostic_not_empirical
direct_trade_underperformance,conditional,dac_cash_latent_credit,causal_credit,200000,69520660826,0.324166060531,0.324166060531,0.324166060531,0.324166060531,0.324166060531,0.324166060531,0.324166060531,0.324166060531,prior_driven_structural_diagnostic_not_empirical
direct_trade_underperformance,conditional,direct_accepted_price_usd_per_hour,USD_per_hour,200000,69520660826,34.0100707706,21.7372582061,0,0,0,48.2521102668,85.0409317456,117.057405719,prior_driven_structural_diagnostic_not_empirical
direct_trade_underperformance,conditional,direct_cash_latent_credit,causal_credit,200000,69520660826,0.334729665661,0.334729665661,0.334729665661,0.334729665661,0.334729665661,0.334729665661,0.334729665661,0.334729665661,prior_driven_structural_diagnostic_not_empirical
direct_trade_underperformance,conditional,direct_labor_latent_credit,causal_credit,200000,69520660826,0.39648411138,0.39648411138,0.39648411138,0.39648411138,0.39648411138,0.39648411138,0.39648411138,0.39648411138,prior_driven_structural_diagnostic_not_empirical
direct_trade_underperformance,conditional,direct_payer_wtp_usd_per_hour,USD_per_hour,200000,69520660826,61.1680436258,39.1211908562,8.19891263405,11.5703663759,20.6242727341,73.6576313943,131.345768278,185.450887855,prior_driven_structural_diagnostic_not_empirical
direct_trade_underperformance,conditional,direct_price_compatible,indicator,200000,69520660826,0.655425,1,0,0,0,1,1,1,prior_driven_structural_diagnostic_not_empirical
direct_trade_underperformance,conditional,direct_price_overlap,proportion,200000,69520660826,0.302391972906,0.314511294339,0,0,0,0.522242343651,0.666206735638,0.732476501675,prior_driven_structural_diagnostic_not_empirical
direct_trade_underperformance,conditional,direct_supplier_wta_usd_per_hour,USD_per_hour,200000,69520660826,40.2961656777,29.6527139115,8.13907902906,10.8060438722,17.4543342018,50.2384175463,80.760293052,107.798681486,prior_driven_structural_diagnostic_not_empirical
direct_trade_underperformance,conditional,redirect_cash_latent_credit,causal_credit,200000,69520660826,0.232515502043,0.232515502043,0.232515502043,0.232515502043,0.232515502043,0.232515502043,0.232515502043,0.232515502043,prior_driven_structural_diagnostic_not_empirical
direct_trade_underperformance,probability_weighted,dac_cash_latent_credit,causal_credit,200000,69530660845,0.324166060531,0.324166060531,0.324166060531,0.324166060531,0.324166060531,0.324166060531,0.324166060531,0.324166060531,prior_driven_structural_diagnostic_not_empirical
direct_trade_underperformance,probability_weighted,direct_accepted_price_usd_per_hour,USD_per_hour,200000,69530660845,34.092054994,21.8096404201,0,0,0,48.2145012077,85.2851381467,117.705061203,prior_driven_structural_diagnostic_not_empirical
direct_trade_underperformance,probability_weighted,direct_cash_latent_credit,causal_credit,200000,69530660845,0.334729665661,0.334729665661,0.334729665661,0.334729665661,0.334729665661,0.334729665661,0.334729665661,0.334729665661,prior_driven_structural_diagnostic_not_empirical
direct_trade_underperformance,probability_weighted,direct_labor_latent_credit,causal_credit,200000,69530660845,0.39648411138,0.39648411138,0.39648411138,0.39648411138,0.39648411138,0.39648411138,0.39648411138,0.39648411138,prior_driven_structural_diagnostic_not_empirical
direct_trade_underperformance,probability_weighted,direct_payer_wtp_usd_per_hour,USD_per_hour,200000,69530660845,61.3207238146,38.9567487405,8.2284854334,11.611360434,20.5905641099,73.811783437,131.763800566,186.401166318,prior_driven_structural_diagnostic_not_empirical
direct_trade_underperformance,probability_weighted,direct_price_compatible,indicator,200000,69530660845,0.656235,1,0,0,0,1,1,1,prior_driven_structural_diagnostic_not_empirical
direct_trade_underperformance,probability_weighted,direct_price_overlap,proportion,200000,69530660845,0.302976014316,0.315762925866,0,0,0,0.523505682753,0.667449519351,0.732563248047,prior_driven_structural_diagnostic_not_empirical
direct_trade_underperformance,probability_weighted,direct_supplier_wta_usd_per_hour,USD_per_hour,200000,69530660845,40.364805074,29.5932982761,8.2000986575,10.8596798476,17.4333139953,50.2105120384,80.9462500453,108.020937728,prior_driven_structural_diagnostic_not_empirical
direct_trade_underperformance,probability_weighted,redirect_cash_latent_credit,causal_credit,200000,69530660845,0.232515502043,0.232515502043,0.232515502043,0.232515502043,0.232515502043,0.232515502043,0.232515502043,0.232515502043,prior_driven_structural_diagnostic_not_empirical
strong_network_repeat,conditional,dac_cash_latent_credit,causal_credit,200000,69520760829,0.324166060531,0.324166060531,0.324166060531,0.324166060531,0.324166060531,0.324166060531,0.324166060531,0.324166060531,prior_driven_structural_diagnostic_not_empirical
strong_network_repeat,conditional,direct_accepted_price_usd_per_hour,USD_per_hour,200000,69520760829,34.0318811359,21.7410120695,0,0,0,48.2214262082,85.240989413,117.108295522,prior_driven_structural_diagnostic_not_empirical
strong_network_repeat,conditional,direct_cash_latent_credit,causal_credit,200000,69520760829,0.334729665661,0.334729665661,0.334729665661,0.334729665661,0.334729665661,0.334729665661,0.334729665661,0.334729665661,prior_driven_structural_diagnostic_not_empirical
strong_network_repeat,conditional,direct_labor_latent_credit,causal_credit,200000,69520760829,0.39648411138,0.39648411138,0.39648411138,0.39648411138,0.39648411138,0.39648411138,0.39648411138,0.39648411138,prior_driven_structural_diagnostic_not_empirical
strong_network_repeat,conditional,direct_payer_wtp_usd_per_hour,USD_per_hour,200000,69520760829,61.0893398273,38.9356040719,8.2458307286,11.6128761311,20.5937324068,73.7750960633,131.189944015,185.69000994,prior_driven_structural_diagnostic_not_empirical
strong_network_repeat,conditional,direct_price_compatible,indicator,200000,69520760829,0.656715,1,0,0,0,1,1,1,prior_driven_structural_diagnostic_not_empirical
strong_network_repeat,conditional,direct_price_overlap,proportion,200000,69520760829,0.303081212209,0.316024797704,0,0,0,0.522773721909,0.667217719096,0.733812471085,prior_driven_structural_diagnostic_not_empirical
strong_network_repeat,conditional,direct_supplier_wta_usd_per_hour,USD_per_hour,200000,69520760829,40.2170725287,29.5375531672,8.17835393622,10.8337285216,17.3886978893,50.2172185721,80.7065219976,107.469815308,prior_driven_structural_diagnostic_not_empirical
strong_network_repeat,conditional,redirect_cash_latent_credit,causal_credit,200000,69520760829,0.232515502043,0.232515502043,0.232515502043,0.232515502043,0.232515502043,0.232515502043,0.232515502043,0.232515502043,prior_driven_structural_diagnostic_not_empirical
strong_network_repeat,probability_weighted,dac_cash_latent_credit,causal_credit,200000,69530760848,0.324166060531,0.324166060531,0.324166060531,0.324166060531,0.324166060531,0.324166060531,0.324166060531,0.324166060531,prior_driven_structural_diagnostic_not_empirical
strong_network_repeat,probability_weighted,direct_accepted_price_usd_per_hour,USD_per_hour,200000,69530760848,34.0617379944,21.737729662,0,0,0,48.2680700912,85.6320237347,117.810178414,prior_driven_structural_diagnostic_not_empirical
strong_network_repeat,probability_weighted,direct_cash_latent_credit,causal_credit,200000,69530760848,0.334729665661,0.334729665661,0.334729665661,0.334729665661,0.334729665661,0.334729665661,0.334729665661,0.334729665661,prior_driven_structural_diagnostic_not_empirical
strong_network_repeat,probability_weighted,direct_labor_latent_credit,causal_credit,200000,69530760848,0.39648411138,0.39648411138,0.39648411138,0.39648411138,0.39648411138,0.39648411138,0.39648411138,0.39648411138,prior_driven_structural_diagnostic_not_empirical
strong_network_repeat,probability_weighted,direct_payer_wtp_usd_per_hour,USD_per_hour,200000,69530760848,61.0977168588,38.914455242,8.21485287118,11.5949915418,20.5547681498,73.787381246,131.860075138,186.050171118,prior_driven_structural_diagnostic_not_empirical
strong_network_repeat,probability_weighted,direct_price_compatible,indicator,200000,69530760848,0.65585,1,0,0,0,1,1,1,prior_driven_structural_diagnostic_not_empirical
strong_network_repeat,probability_weighted,direct_price_overlap,proportion,200000,69530760848,0.302510635009,0.315145788613,0,0,0,0.521580717613,0.665720668687,0.732414715579,prior_driven_structural_diagnostic_not_empirical
strong_network_repeat,probability_weighted,direct_supplier_wta_usd_per_hour,USD_per_hour,200000,69530760848,40.3164404494,29.5814624119,8.10135602934,10.8210821526,17.4156276722,50.2400381042,80.8451349235,107.976802776,prior_driven_structural_diagnostic_not_empirical
strong_network_repeat,probability_weighted,redirect_cash_latent_credit,causal_credit,200000,69530760848,0.232515502043,0.232515502043,0.232515502043,0.232515502043,0.232515502043,0.232515502043,0.232515502043,0.232515502043,prior_driven_structural_diagnostic_not_empirical
reserve_constrained_dacs,conditional,dac_cash_latent_credit,causal_credit,200000,69520860832,0.324166060531,0.324166060531,0.324166060531,0.324166060531,0.324166060531,0.324166060531,0.324166060531,0.324166060531,prior_driven_structural_diagnostic_not_empirical
reserve_constrained_dacs,conditional,direct_accepted_price_usd_per_hour,USD_per_hour,200000,69520860832,33.9617162507,21.8600059333,0,0,0,48.2621553358,85.0916531139,116.447161553,prior_driven_structural_diagnostic_not_empirical
reserve_constrained_dacs,conditional,direct_cash_latent_credit,causal_credit,200000,69520860832,0.334729665661,0.334729665661,0.334729665661,0.334729665661,0.334729665661,0.334729665661,0.334729665661,0.334729665661,prior_driven_structural_diagnostic_not_empirical
reserve_constrained_dacs,conditional,direct_labor_latent_credit,causal_credit,200000,69520860832,0.39648411138,0.39648411138,0.39648411138,0.39648411138,0.39648411138,0.39648411138,0.39648411138,0.39648411138,prior_driven_structural_diagnostic_not_empirical
reserve_constrained_dacs,conditional,direct_payer_wtp_usd_per_hour,USD_per_hour,200000,69520860832,60.8475351614,38.925667751,8.22546631768,11.548119363,20.5689263535,73.6705263873,130.641290241,183.786119916,prior_driven_structural_diagnostic_not_empirical
reserve_constrained_dacs,conditional,direct_price_compatible,indicator,200000,69520860832,0.657985,1,0,0,0,1,1,1,prior_driven_structural_diagnostic_not_empirical
reserve_constrained_dacs,conditional,direct_price_overlap,proportion,200000,69520860832,0.303517636539,0.31641866816,0,0,0,0.522770502802,0.666889381917,0.733214253223,prior_driven_structural_diagnostic_not_empirical
reserve_constrained_dacs,conditional,direct_supplier_wta_usd_per_hour,USD_per_hour,200000,69520860832,39.9416651375,29.4486314723,8.12234780453,10.7797308439,17.430119277,49.7576483433,80.2370996763,106.423737609,prior_driven_structural_diagnostic_not_empirical
reserve_constrained_dacs,conditional,redirect_cash_latent_credit,causal_credit,200000,69520860832,0.232515502043,0.232515502043,0.232515502043,0.232515502043,0.232515502043,0.232515502043,0.232515502043,0.232515502043,prior_driven_structural_diagnostic_not_empirical
reserve_constrained_dacs,probability_weighted,dac_cash_latent_credit,causal_credit,200000,69530860851,0.324166060531,0.324166060531,0.324166060531,0.324166060531,0.324166060531,0.324166060531,0.324166060531,0.324166060531,prior_driven_structural_diagnostic_not_empirical
reserve_constrained_dacs,probability_weighted,direct_accepted_price_usd_per_hour,USD_per_hour,200000,69530860851,34.0411047429,21.816503803,0,0,0,48.2537212386,85.6106342969,117.463088639,prior_driven_structural_diagnostic_not_empirical
reserve_constrained_dacs,probability_weighted,direct_cash_latent_credit,causal_credit,200000,69530860851,0.334729665661,0.334729665661,0.334729665661,0.334729665661,0.334729665661,0.334729665661,0.334729665661,0.334729665661,prior_driven_structural_diagnostic_not_empirical
reserve_constrained_dacs,probability_weighted,direct_labor_latent_credit,causal_credit,200000,69530860851,0.39648411138,0.39648411138,0.39648411138,0.39648411138,0.39648411138,0.39648411138,0.39648411138,0.39648411138,prior_driven_structural_diagnostic_not_empirical
reserve_constrained_dacs,probability_weighted,direct_payer_wtp_usd_per_hour,USD_per_hour,200000,69530860851,60.9824243288,38.8866632186,8.24268563256,11.6018975976,20.5984393046,73.9796082106,131.45280456,184.195036063,prior_driven_structural_diagnostic_not_empirical
reserve_constrained_dacs,probability_weighted,direct_price_compatible,indicator,200000,69530860851,0.656945,1,0,0,0,1,1,1,prior_driven_structural_diagnostic_not_empirical
reserve_constrained_dacs,probability_weighted,direct_price_overlap,proportion,200000,69530860851,0.303091928685,0.315575251056,0,0,0,0.523766168404,0.667003492179,0.733308000838,prior_driven_structural_diagnostic_not_empirical
reserve_constrained_dacs,probability_weighted,direct_supplier_wta_usd_per_hour,USD_per_hour,200000,69530860851,40.1667592563,29.5165445526,8.1536171147,10.8006436128,17.4016897723,50.1201561855,80.979240245,107.07572022,prior_driven_structural_diagnostic_not_empirical
reserve_constrained_dacs,probability_weighted,redirect_cash_latent_credit,causal_credit,200000,69530860851,0.232515502043,0.232515502043,0.232515502043,0.232515502043,0.232515502043,0.232515502043,0.232515502043,0.232515502043,prior_driven_structural_diagnostic_not_empirical
high_bonus_surcharge_sensitive,conditional,dac_cash_latent_credit,causal_credit,200000,69520960835,0.324166060531,0.324166060531,0.324166060531,0.324166060531,0.324166060531,0.324166060531,0.324166060531,0.324166060531,prior_driven_structural_diagnostic_not_empirical
high_bonus_surcharge_sensitive,conditional,direct_accepted_price_usd_per_hour,USD_per_hour,200000,69520960835,34.0500875792,21.805276506,0,0,0,48.2855064041,85.1183597328,117.585002126,prior_driven_structural_diagnostic_not_empirical
high_bonus_surcharge_sensitive,conditional,direct_cash_latent_credit,causal_credit,200000,69520960835,0.334729665661,0.334729665661,0.334729665661,0.334729665661,0.334729665661,0.334729665661,0.334729665661,0.334729665661,prior_driven_structural_diagnostic_not_empirical
high_bonus_surcharge_sensitive,conditional,direct_labor_latent_credit,causal_credit,200000,69520960835,0.39648411138,0.39648411138,0.39648411138,0.39648411138,0.39648411138,0.39648411138,0.39648411138,0.39648411138,prior_driven_structural_diagnostic_not_empirical
high_bonus_surcharge_sensitive,conditional,direct_payer_wtp_usd_per_hour,USD_per_hour,200000,69520960835,61.1898518761,38.9559989638,8.21375227,11.5755718697,20.6214625454,73.9194516975,131.784921737,186.230457334,prior_driven_structural_diagnostic_not_empirical
high_bonus_surcharge_sensitive,conditional,direct_price_compatible,indicator,200000,69520960835,0.65778,1,0,0,0,1,1,1,prior_driven_structural_diagnostic_not_empirical
high_bonus_surcharge_sensitive,conditional,direct_price_overlap,proportion,200000,69520960835,0.303772232391,0.318229134055,0,0,0,0.523424090025,0.667288425473,0.734288146935,prior_driven_structural_diagnostic_not_empirical
high_bonus_surcharge_sensitive,conditional,direct_supplier_wta_usd_per_hour,USD_per_hour,200000,69520960835,40.1529112452,29.5022879275,8.10301206871,10.8003003554,17.3786315188,50.0580804667,80.7837858682,107.5396491,prior_driven_structural_diagnostic_not_empirical
high_bonus_surcharge_sensitive,conditional,redirect_cash_latent_credit,causal_credit,200000,69520960835,0.232515502043,0.232515502043,0.232515502043,0.232515502043,0.232515502043,0.232515502043,0.232515502043,0.232515502043,prior_driven_structural_diagnostic_not_empirical
high_bonus_surcharge_sensitive,probability_weighted,dac_cash_latent_credit,causal_credit,200000,69530960854,0.324166060531,0.324166060531,0.324166060531,0.324166060531,0.324166060531,0.324166060531,0.324166060531,0.324166060531,prior_driven_structural_diagnostic_not_empirical
high_bonus_surcharge_sensitive,probability_weighted,direct_accepted_price_usd_per_hour,USD_per_hour,200000,69530960854,33.9579001458,21.7586478201,0,0,0,48.1739343651,84.9374784428,117.106033978,prior_driven_structural_diagnostic_not_empirical
high_bonus_surcharge_sensitive,probability_weighted,direct_cash_latent_credit,causal_credit,200000,69530960854,0.334729665661,0.334729665661,0.334729665661,0.334729665661,0.334729665661,0.334729665661,0.334729665661,0.334729665661,prior_driven_structural_diagnostic_not_empirical
high_bonus_surcharge_sensitive,probability_weighted,direct_labor_latent_credit,causal_credit,200000,69530960854,0.39648411138,0.39648411138,0.39648411138,0.39648411138,0.39648411138,0.39648411138,0.39648411138,0.39648411138,prior_driven_structural_diagnostic_not_empirical
high_bonus_surcharge_sensitive,probability_weighted,direct_payer_wtp_usd_per_hour,USD_per_hour,200000,69530960854,60.8876997021,38.9241734669,8.17593787752,11.5190099124,20.4712888003,73.7408622438,130.685323458,184.744781597,prior_driven_structural_diagnostic_not_empirical
high_bonus_surcharge_sensitive,probability_weighted,direct_price_compatible,indicator,200000,69530960854,0.65606,1,0,0,0,1,1,1,prior_driven_structural_diagnostic_not_empirical
high_bonus_surcharge_sensitive,probability_weighted,direct_price_overlap,proportion,200000,69530960854,0.302844563215,0.315885077,0,0,0,0.522203497718,0.667503433083,0.733418339397,prior_driven_structural_diagnostic_not_empirical
high_bonus_surcharge_sensitive,probability_weighted,direct_supplier_wta_usd_per_hour,USD_per_hour,200000,69530960854,40.1934671952,29.6119068022,8.13527667136,10.7860390576,17.3833882853,50.208276425,80.5482007209,107.512990651,prior_driven_structural_diagnostic_not_empirical
high_bonus_surcharge_sensitive,probability_weighted,redirect_cash_latent_credit,causal_credit,200000,69530960854,0.232515502043,0.232515502043,0.232515502043,0.232515502043,0.232515502043,0.232515502043,0.232515502043,0.232515502043,prior_driven_structural_diagnostic_not_empirical
near_zero_additionality,conditional,dac_cash_latent_credit,causal_credit,200000,69521060838,0.324166060531,0.324166060531,0.324166060531,0.324166060531,0.324166060531,0.324166060531,0.324166060531,0.324166060531,prior_driven_structural_diagnostic_not_empirical
near_zero_additionality,conditional,direct_accepted_price_usd_per_hour,USD_per_hour,200000,69521060838,33.9594856362,21.7295629872,0,0,0,48.3485511646,84.9203823391,117.541478456,prior_driven_structural_diagnostic_not_empirical
near_zero_additionality,conditional,direct_cash_latent_credit,causal_credit,200000,69521060838,0.334729665661,0.334729665661,0.334729665661,0.334729665661,0.334729665661,0.334729665661,0.334729665661,0.334729665661,prior_driven_structural_diagnostic_not_empirical
near_zero_additionality,conditional,direct_labor_latent_credit,causal_credit,200000,69521060838,0.39648411138,0.39648411138,0.39648411138,0.39648411138,0.39648411138,0.39648411138,0.39648411138,0.39648411138,prior_driven_structural_diagnostic_not_empirical
near_zero_additionality,conditional,direct_payer_wtp_usd_per_hour,USD_per_hour,200000,69521060838,60.8925331541,38.9941815063,8.25217525943,11.6159778646,20.5527143806,73.7505669199,131.15711321,184.94474053,prior_driven_structural_diagnostic_not_empirical
near_zero_additionality,conditional,direct_price_compatible,indicator,200000,69521060838,0.656585,1,0,0,0,1,1,1,prior_driven_structural_diagnostic_not_empirical
near_zero_additionality,conditional,direct_price_overlap,proportion,200000,69521060838,0.303017571564,0.315866686452,0,0,0,0.522333876466,0.6667545977,0.732819595159,prior_driven_structural_diagnostic_not_empirical
near_zero_additionality,conditional,direct_supplier_wta_usd_per_hour,USD_per_hour,200000,69521060838,40.2679767753,29.5513134972,8.15539483149,10.8441081914,17.3942414113,50.1029233109,80.983229346,107.665665311,prior_driven_structural_diagnostic_not_empirical
near_zero_additionality,conditional,redirect_cash_latent_credit,causal_credit,200000,69521060838,0.232515502043,0.232515502043,0.232515502043,0.232515502043,0.232515502043,0.232515502043,0.232515502043,0.232515502043,prior_driven_structural_diagnostic_not_empirical
near_zero_additionality,probability_weighted,dac_cash_latent_credit,causal_credit,200000,69531060857,0.324166060531,0.324166060531,0.324166060531,0.324166060531,0.324166060531,0.324166060531,0.324166060531,0.324166060531,prior_driven_structural_diagnostic_not_empirical
near_zero_additionality,probability_weighted,direct_accepted_price_usd_per_hour,USD_per_hour,200000,69531060857,34.0422783794,21.7567633598,0,0,0,48.1493565501,85.6171398065,117.151561769,prior_driven_structural_diagnostic_not_empirical
near_zero_additionality,probability_weighted,direct_cash_latent_credit,causal_credit,200000,69531060857,0.334729665661,0.334729665661,0.334729665661,0.334729665661,0.334729665661,0.334729665661,0.334729665661,0.334729665661,prior_driven_structural_diagnostic_not_empirical
near_zero_additionality,probability_weighted,direct_labor_latent_credit,causal_credit,200000,69531060857,0.39648411138,0.39648411138,0.39648411138,0.39648411138,0.39648411138,0.39648411138,0.39648411138,0.39648411138,prior_driven_structural_diagnostic_not_empirical
near_zero_additionality,probability_weighted,direct_payer_wtp_usd_per_hour,USD_per_hour,200000,69531060857,61.1035052179,39.0240254556,8.17530780426,11.5316178304,20.4969555871,73.9285602405,131.4479333,184.508358474,prior_driven_structural_diagnostic_not_empirical
near_zero_additionality,probability_weighted,direct_price_compatible,indicator,200000,69531060857,0.65677,1,0,0,0,1,1,1,prior_driven_structural_diagnostic_not_empirical
near_zero_additionality,probability_weighted,direct_price_overlap,proportion,200000,69531060857,0.302826964007,0.316265373701,0,0,0,0.522648670184,0.665669621016,0.731840470868,prior_driven_structural_diagnostic_not_empirical
near_zero_additionality,probability_weighted,direct_supplier_wta_usd_per_hour,USD_per_hour,200000,69531060857,40.2495611994,29.493442163,8.0894481156,10.8061036639,17.386467241,50.2314249573,81.0620186558,108.19315591,prior_driven_structural_diagnostic_not_empirical
near_zero_additionality,probability_weighted,redirect_cash_latent_credit,causal_credit,200000,69531060857,0.232515502043,0.232515502043,0.232515502043,0.232515502043,0.232515502043,0.232515502043,0.232515502043,0.232515502043,prior_driven_structural_diagnostic_not_empirical
voluntary_pools,conditional,dac_cash_latent_credit,causal_credit,200000,69521160841,0.324166060531,0.324166060531,0.324166060531,0.324166060531,0.324166060531,0.324166060531,0.324166060531,0.324166060531,prior_driven_structural_diagnostic_not_empirical
voluntary_pools,conditional,direct_accepted_price_usd_per_hour,USD_per_hour,200000,69521160841,34.1750393079,21.8246224996,0,0,0,48.5087044616,85.3968418908,117.557177581,prior_driven_structural_diagnostic_not_empirical
voluntary_pools,conditional,direct_cash_latent_credit,causal_credit,200000,69521160841,0.334729665661,0.334729665661,0.334729665661,0.334729665661,0.334729665661,0.334729665661,0.334729665661,0.334729665661,prior_driven_structural_diagnostic_not_empirical
voluntary_pools,conditional,direct_labor_latent_credit,causal_credit,200000,69521160841,0.39648411138,0.39648411138,0.39648411138,0.39648411138,0.39648411138,0.39648411138,0.39648411138,0.39648411138,prior_driven_structural_diagnostic_not_empirical
voluntary_pools,conditional,direct_payer_wtp_usd_per_hour,USD_per_hour,200000,69521160841,61.2349715988,38.9810767213,8.18000664445,11.5709418893,20.5842661154,73.9619600382,131.760758628,186.710945246,prior_driven_structural_diagnostic_not_empirical
voluntary_pools,conditional,direct_price_compatible,indicator,200000,69521160841,0.657665,1,0,0,0,1,1,1,prior_driven_structural_diagnostic_not_empirical
voluntary_pools,conditional,direct_price_overlap,proportion,200000,69521160841,0.303603109292,0.317945591884,0,0,0,0.523370461899,0.667743112389,0.733268371114,prior_driven_structural_diagnostic_not_empirical
voluntary_pools,conditional,direct_supplier_wta_usd_per_hour,USD_per_hour,200000,69521160841,40.2062199571,29.5655123611,8.0792577244,10.7787655889,17.4260197476,50.1569352551,80.4825236895,107.292209302,prior_driven_structural_diagnostic_not_empirical
voluntary_pools,conditional,redirect_cash_latent_credit,causal_credit,200000,69521160841,0.232515502043,0.232515502043,0.232515502043,0.232515502043,0.232515502043,0.232515502043,0.232515502043,0.232515502043,prior_driven_structural_diagnostic_not_empirical
voluntary_pools,probability_weighted,dac_cash_latent_credit,causal_credit,200000,69531160860,0.324166060531,0.324166060531,0.324166060531,0.324166060531,0.324166060531,0.324166060531,0.324166060531,0.324166060531,prior_driven_structural_diagnostic_not_empirical
voluntary_pools,probability_weighted,direct_accepted_price_usd_per_hour,USD_per_hour,200000,69531160860,33.9496313549,21.8456689817,0,0,0,48.1936026101,85.1970606171,117.456033308,prior_driven_structural_diagnostic_not_empirical
voluntary_pools,probability_weighted,direct_cash_latent_credit,causal_credit,200000,69531160860,0.334729665661,0.334729665661,0.334729665661,0.334729665661,0.334729665661,0.334729665661,0.334729665661,0.334729665661,prior_driven_structural_diagnostic_not_empirical
voluntary_pools,probability_weighted,direct_labor_latent_credit,causal_credit,200000,69531160860,0.39648411138,0.39648411138,0.39648411138,0.39648411138,0.39648411138,0.39648411138,0.39648411138,0.39648411138,prior_driven_structural_diagnostic_not_empirical
voluntary_pools,probability_weighted,direct_payer_wtp_usd_per_hour,USD_per_hour,200000,69531160860,60.7916809464,38.9331880808,8.21965898076,11.5725887038,20.4867513046,73.6267606248,130.816023702,184.940609356,prior_driven_structural_diagnostic_not_empirical
voluntary_pools,probability_weighted,direct_price_compatible,indicator,200000,69531160860,0.657055,1,0,0,0,1,1,1,prior_driven_structural_diagnostic_not_empirical
voluntary_pools,probability_weighted,direct_price_overlap,proportion,200000,69531160860,0.302958377557,0.316331059749,0,0,0,0.522231666628,0.666000338821,0.732344447097,prior_driven_structural_diagnostic_not_empirical
voluntary_pools,probability_weighted,direct_supplier_wta_usd_per_hour,USD_per_hour,200000,69531160860,40.1012463899,29.4705230085,8.14367452973,10.8237272829,17.4139389527,49.9783427398,80.6868734349,107.333168014,prior_driven_structural_diagnostic_not_empirical
voluntary_pools,probability_weighted,redirect_cash_latent_credit,causal_credit,200000,69531160860,0.232515502043,0.232515502043,0.232515502043,0.232515502043,0.232515502043,0.232515502043,0.232515502043,0.232515502043,prior_driven_structural_diagnostic_not_empirical
compulsory_5pct_governance,conditional,dac_cash_latent_credit,causal_credit,200000,69521260844,0.324166060531,0.324166060531,0.324166060531,0.324166060531,0.324166060531,0.324166060531,0.324166060531,0.324166060531,prior_driven_structural_diagnostic_not_empirical
compulsory_5pct_governance,conditional,direct_accepted_price_usd_per_hour,USD_per_hour,200000,69521260844,33.9506062528,21.7877296961,0,0,0,48.0467967481,85.0645170799,117.119669526,prior_driven_structural_diagnostic_not_empirical
compulsory_5pct_governance,conditional,direct_cash_latent_credit,causal_credit,200000,69521260844,0.334729665661,0.334729665661,0.334729665661,0.334729665661,0.334729665661,0.334729665661,0.334729665661,0.334729665661,prior_driven_structural_diagnostic_not_empirical
compulsory_5pct_governance,conditional,direct_labor_latent_credit,causal_credit,200000,69521260844,0.39648411138,0.39648411138,0.39648411138,0.39648411138,0.39648411138,0.39648411138,0.39648411138,0.39648411138,prior_driven_structural_diagnostic_not_empirical
compulsory_5pct_governance,conditional,direct_payer_wtp_usd_per_hour,USD_per_hour,200000,69521260844,60.8683768781,38.9205652018,8.22271299579,11.5674313027,20.5925686878,73.645766787,130.837656866,184.446857561,prior_driven_structural_diagnostic_not_empirical
compulsory_5pct_governance,conditional,direct_price_compatible,indicator,200000,69521260844,0.65645,1,0,0,0,1,1,1,prior_driven_structural_diagnostic_not_empirical
compulsory_5pct_governance,conditional,direct_price_overlap,proportion,200000,69521260844,0.302718361553,0.316176685493,0,0,0,0.521500411461,0.665798071651,0.732183342276,prior_driven_structural_diagnostic_not_empirical
compulsory_5pct_governance,conditional,direct_supplier_wta_usd_per_hour,USD_per_hour,200000,69521260844,40.19141134,29.5318101121,8.15638801417,10.8140341191,17.3901625694,50.0733445486,80.8159645548,107.673183521,prior_driven_structural_diagnostic_not_empirical
compulsory_5pct_governance,conditional,redirect_cash_latent_credit,causal_credit,200000,69521260844,0.232515502043,0.232515502043,0.232515502043,0.232515502043,0.232515502043,0.232515502043,0.232515502043,0.232515502043,prior_driven_structural_diagnostic_not_empirical
compulsory_5pct_governance,probability_weighted,dac_cash_latent_credit,causal_credit,200000,69531260863,0.324166060531,0.324166060531,0.324166060531,0.324166060531,0.324166060531,0.324166060531,0.324166060531,0.324166060531,prior_driven_structural_diagnostic_not_empirical
compulsory_5pct_governance,probability_weighted,direct_accepted_price_usd_per_hour,USD_per_hour,200000,69531260863,33.7814330388,21.4866712234,0,0,0,48.0403019502,84.7254217223,116.291124301,prior_driven_structural_diagnostic_not_empirical
compulsory_5pct_governance,probability_weighted,direct_cash_latent_credit,causal_credit,200000,69531260863,0.334729665661,0.334729665661,0.334729665661,0.334729665661,0.334729665661,0.334729665661,0.334729665661,0.334729665661,prior_driven_structural_diagnostic_not_empirical
compulsory_5pct_governance,probability_weighted,direct_labor_latent_credit,causal_credit,200000,69531260863,0.39648411138,0.39648411138,0.39648411138,0.39648411138,0.39648411138,0.39648411138,0.39648411138,0.39648411138,prior_driven_structural_diagnostic_not_empirical
compulsory_5pct_governance,probability_weighted,direct_payer_wtp_usd_per_hour,USD_per_hour,200000,69531260863,60.766175802,38.9462559887,8.21252821655,11.5597305752,20.5242439475,73.4267669242,129.900678816,183.866345703,prior_driven_structural_diagnostic_not_empirical
compulsory_5pct_governance,probability_weighted,direct_price_compatible,indicator,200000,69531260863,0.65296,1,0,0,0,1,1,1,prior_driven_structural_diagnostic_not_empirical
compulsory_5pct_governance,probability_weighted,direct_price_overlap,proportion,200000,69531260863,0.300809325343,0.313637834164,0,0,0,0.520683997174,0.663604004137,0.730051425357,prior_driven_structural_diagnostic_not_empirical
compulsory_5pct_governance,probability_weighted,direct_supplier_wta_usd_per_hour,USD_per_hour,200000,69531260863,40.3001258238,29.6330789538,8.15287412396,10.8104803448,17.3640450421,50.2508187891,80.909869082,107.747619025,prior_driven_structural_diagnostic_not_empirical
compulsory_5pct_governance,probability_weighted,redirect_cash_latent_credit,causal_credit,200000,69531260863,0.232515502043,0.232515502043,0.232515502043,0.232515502043,0.232515502043,0.232515502043,0.232515502043,0.232515502043,prior_driven_structural_diagnostic_not_empirical
