forecast_basis,rank,input_parameter,pearson_correlation,normalized_squared_correlation,method
conditional,1,redirect_compatibility,0.593785055746,0.162045414953,normalized_squared_Pearson_screening_not_variance_decomposition
conditional,2,cash_use_share,0.563096306782,0.145728192656,normalized_squared_Pearson_screening_not_variance_decomposition
conditional,3,market_liquidity,0.502657986333,0.116124376488,normalized_squared_Pearson_screening_not_variance_decomposition
conditional,4,platform_trust,0.39359897676,0.0712010080549,normalized_squared_Pearson_screening_not_variance_decomposition
conditional,5,repeat_use,0.368215110003,0.0623133978424,normalized_squared_Pearson_screening_not_variance_decomposition
conditional,6,direct_match_efficiency,0.354992754351,0.0579184857208,normalized_squared_Pearson_screening_not_variance_decomposition
conditional,7,direct_demand_fraction,0.336054655738,0.051903668448,normalized_squared_Pearson_screening_not_variance_decomposition
conditional,8,direct_supply_fraction,0.312298058884,0.0448246379672,normalized_squared_Pearson_screening_not_variance_decomposition
conditional,9,redirect_min_fill_loss,-0.286050056368,0.0376064463425,normalized_squared_Pearson_screening_not_variance_decomposition
conditional,10,ordinary_time_use_share,0.259243536201,0.0308883062468,normalized_squared_Pearson_screening_not_variance_decomposition
conditional,11,reliability,0.241337767486,0.0267687938277,normalized_squared_Pearson_screening_not_variance_decomposition
conditional,12,skilled_time_use_share,0.237158669759,0.0258497431566,normalized_squared_Pearson_screening_not_variance_decomposition
conditional,13,adoption_fraction,0.20751552003,0.0197915308199,normalized_squared_Pearson_screening_not_variance_decomposition
conditional,14,coact_activity_share,0.184369585249,0.0156227246477,normalized_squared_Pearson_screening_not_variance_decomposition
conditional,15,evidence_acceptance,0.183501418674,0.0154759412828,normalized_squared_Pearson_screening_not_variance_decomposition
conditional,16,coact_role_completion,0.15676032472,0.0112940714205,normalized_squared_Pearson_screening_not_variance_decomposition
conditional,17,redirect_addon_ratio,0.143291315742,0.00943665248425,normalized_squared_Pearson_screening_not_variance_decomposition
conditional,18,redirect_settlement_loss,-0.123801367275,0.00704415823556,normalized_squared_Pearson_screening_not_variance_decomposition
conditional,19,cash_additionality,0.122949996652,0.00694760730959,normalized_squared_Pearson_screening_not_variance_decomposition
conditional,20,coact_attrition,-0.119864935235,0.00660332284562,normalized_squared_Pearson_screening_not_variance_decomposition
conditional,21,direct_price_fit,0.112378282351,0.00580420844251,normalized_squared_Pearson_screening_not_variance_decomposition
conditional,22,support_cash_cost_per_user_year,-0.10863281476,0.00542375777992,normalized_squared_Pearson_screening_not_variance_decomposition
conditional,23,time_additionality,0.106659063504,0.005228459559,normalized_squared_Pearson_screening_not_variance_decomposition
conditional,24,operational_probability,0.0960276673883,0.00423809785402,normalized_squared_Pearson_screening_not_variance_decomposition
conditional,25,review_cash_cost_per_user_year,-0.094712571485,0.00412281148318,normalized_squared_Pearson_screening_not_variance_decomposition
conditional,26,dac_social_proof,0.092561410183,0.00393765938338,normalized_squared_Pearson_screening_not_variance_decomposition
conditional,27,security_cash_cost_per_user_year,-0.0898152090662,0.00370747295139,normalized_squared_Pearson_screening_not_variance_decomposition
conditional,28,legal_cash_cost_per_user_year,-0.089625894025,0.0036918599905,normalized_squared_Pearson_screening_not_variance_decomposition
conditional,29,cloud_cost_per_user_year,-0.0852629688675,0.003341174225,normalized_squared_Pearson_screening_not_variance_decomposition
conditional,30,api_cost_per_user_year,-0.0852595766325,0.00334090836932,normalized_squared_Pearson_screening_not_variance_decomposition
conditional,31,dac_willing_pledge_ratio,0.0838709511076,0.00323296763484,normalized_squared_Pearson_screening_not_variance_decomposition
conditional,32,adoption_liquidity_exponent,-0.0809500879332,0.00301170805579,normalized_squared_Pearson_screening_not_variance_decomposition
conditional,33,dac_free_riding,-0.0796659120011,0.00291691171952,normalized_squared_Pearson_screening_not_variance_decomposition
conditional,34,redirect_high_impact_share,-0.0791535218211,0.00287951076705,normalized_squared_Pearson_screening_not_variance_decomposition
conditional,35,dac_pools_per_10000_user_years,0.0690965345735,0.00219427347903,normalized_squared_Pearson_screening_not_variance_decomposition
conditional,36,dac_bonus_transfer_fee,-0.0672699145614,0.00207979233406,normalized_squared_Pearson_screening_not_variance_decomposition
conditional,37,failed_settlement_loss_rate,-0.0662733016954,0.00201862401557,normalized_squared_Pearson_screening_not_variance_decomposition
conditional,38,refund_loss_rate,-0.0654633102312,0.0019695823566,normalized_squared_Pearson_screening_not_variance_decomposition
conditional,39,redirect_lower_impact_share,0.0615530728677,0.00174131643269,normalized_squared_Pearson_screening_not_variance_decomposition
conditional,40,processor_fee_rate,-0.0612440200972,0.00172387432563,normalized_squared_Pearson_screening_not_variance_decomposition
conditional,41,chargeback_loss_rate,-0.0579705610249,0.00154451890227,normalized_squared_Pearson_screening_not_variance_decomposition
conditional,42,displacement_fraction_12m,-0.0558639767837,0.00143430633966,normalized_squared_Pearson_screening_not_variance_decomposition
conditional,43,dac_invalid_pledge_share,-0.0497984340357,0.00113974997978,normalized_squared_Pearson_screening_not_variance_decomposition
conditional,44,direct_skilled_category_share,0.0486871541533,0.00108944924186,normalized_squared_Pearson_screening_not_variance_decomposition
conditional,45,coact_same_action_share,0.0434018925033,0.000865756089344,normalized_squared_Pearson_screening_not_variance_decomposition
conditional,46,coordination_hours_per_completion,-0.0380121760388,0.000664085021275,normalized_squared_Pearson_screening_not_variance_decomposition
conditional,47,support_hours_per_support_user_year,-0.0335783462481,0.000518199306089,normalized_squared_Pearson_screening_not_variance_decomposition
conditional,48,cause_directed_payment_share,0.0234185442447,0.000252056563237,normalized_squared_Pearson_screening_not_variance_decomposition
conditional,49,displacement_fraction_90d,-0.0214297899659,0.000211063944363,normalized_squared_Pearson_screening_not_variance_decomposition
conditional,50,dac_pool_target,0.0156277112493,0.000112245509959,normalized_squared_Pearson_screening_not_variance_decomposition
conditional,51,timing_shift_fraction,-0.0122048118194,6.8460551935e-05,normalized_squared_Pearson_screening_not_variance_decomposition
conditional,52,dac_bonus_response,0.0115208406241,6.10023489807e-05,normalized_squared_Pearson_screening_not_variance_decomposition
conditional,53,dac_surcharge_sensitivity,0.00666969012393,2.04451139185e-05,normalized_squared_Pearson_screening_not_variance_decomposition
conditional,54,dac_moral_valuation,0.00461714483749,9.79772436869e-06,normalized_squared_Pearson_screening_not_variance_decomposition
conditional,55,direct_mean_price,0.00437636213258,8.80247345394e-06,normalized_squared_Pearson_screening_not_variance_decomposition
conditional,56,field_concentration,0.00379197644016,6.60860023763e-06,normalized_squared_Pearson_screening_not_variance_decomposition
conditional,57,dac_strategic_delay,2.88210198585e-05,3.81765703444e-10,normalized_squared_Pearson_screening_not_variance_decomposition
probability_weighted,1,cash_use_share,0.436262840661,0.144299535214,normalized_squared_Pearson_screening_not_variance_decomposition
probability_weighted,2,redirect_compatibility,0.408248075747,0.126362083843,normalized_squared_Pearson_screening_not_variance_decomposition
probability_weighted,3,market_liquidity,0.390522926554,0.115627612124,normalized_squared_Pearson_screening_not_variance_decomposition
probability_weighted,4,adoption_fraction,0.325126574596,0.0801444445816,normalized_squared_Pearson_screening_not_variance_decomposition
probability_weighted,5,platform_trust,0.305808012741,0.0709032606348,normalized_squared_Pearson_screening_not_variance_decomposition
probability_weighted,6,repeat_use,0.303106936041,0.0696562733094,normalized_squared_Pearson_screening_not_variance_decomposition
probability_weighted,7,direct_match_efficiency,0.245520221573,0.0457028224243,normalized_squared_Pearson_screening_not_variance_decomposition
probability_weighted,8,direct_demand_fraction,0.23524012437,0.0419557305068,normalized_squared_Pearson_screening_not_variance_decomposition
probability_weighted,9,direct_supply_fraction,0.21550922504,0.0352127721777,normalized_squared_Pearson_screening_not_variance_decomposition
probability_weighted,10,reliability,0.199667823997,0.0302262768898,normalized_squared_Pearson_screening_not_variance_decomposition
probability_weighted,11,redirect_min_fill_loss,-0.195305826835,0.0289200398653,normalized_squared_Pearson_screening_not_variance_decomposition
probability_weighted,12,operational_probability,0.181323039029,0.024927255502,normalized_squared_Pearson_screening_not_variance_decomposition
probability_weighted,13,ordinary_time_use_share,0.179818084239,0.0245151875068,normalized_squared_Pearson_screening_not_variance_decomposition
probability_weighted,14,skilled_time_use_share,0.161857058515,0.0198624022802,normalized_squared_Pearson_screening_not_variance_decomposition
probability_weighted,15,coact_role_completion,0.132924014249,0.0133960075336,normalized_squared_Pearson_screening_not_variance_decomposition
probability_weighted,16,evidence_acceptance,0.127392927586,0.012304362651,normalized_squared_Pearson_screening_not_variance_decomposition
probability_weighted,17,coact_activity_share,0.127135119834,0.0122546118469,normalized_squared_Pearson_screening_not_variance_decomposition
probability_weighted,18,redirect_settlement_loss,-0.109116645193,0.00902714662503,normalized_squared_Pearson_screening_not_variance_decomposition
probability_weighted,19,coact_attrition,-0.102767443008,0.00800717993846,normalized_squared_Pearson_screening_not_variance_decomposition
probability_weighted,20,redirect_addon_ratio,0.0965674497613,0.00707017251895,normalized_squared_Pearson_screening_not_variance_decomposition
probability_weighted,21,dac_pools_per_10000_user_years,0.0952902311831,0.00688438655325,normalized_squared_Pearson_screening_not_variance_decomposition
probability_weighted,22,adoption_liquidity_exponent,-0.0892777605841,0.00604303434492,normalized_squared_Pearson_screening_not_variance_decomposition
probability_weighted,23,cash_additionality,0.0857426182878,0.00557393588645,normalized_squared_Pearson_screening_not_variance_decomposition
probability_weighted,24,support_cash_cost_per_user_year,-0.0775900900946,0.00456437164527,normalized_squared_Pearson_screening_not_variance_decomposition
probability_weighted,25,direct_price_fit,0.0768299808868,0.00447538020661,normalized_squared_Pearson_screening_not_variance_decomposition
probability_weighted,26,time_additionality,0.0737558512657,0.00412440634395,normalized_squared_Pearson_screening_not_variance_decomposition
probability_weighted,27,review_cash_cost_per_user_year,-0.0724882887644,0.00398386103895,normalized_squared_Pearson_screening_not_variance_decomposition
probability_weighted,28,refund_loss_rate,-0.07021548713,0.00373795710078,normalized_squared_Pearson_screening_not_variance_decomposition
probability_weighted,29,failed_settlement_loss_rate,-0.067357150436,0.00343982143411,normalized_squared_Pearson_screening_not_variance_decomposition
probability_weighted,30,legal_cash_cost_per_user_year,-0.0652359280333,0.00322657806005,normalized_squared_Pearson_screening_not_variance_decomposition
probability_weighted,31,security_cash_cost_per_user_year,-0.0639248684694,0.00309819089063,normalized_squared_Pearson_screening_not_variance_decomposition
probability_weighted,32,dac_invalid_pledge_share,-0.0634898146661,0.00305616364438,normalized_squared_Pearson_screening_not_variance_decomposition
probability_weighted,33,dac_social_proof,0.0631678491381,0.00302524579087,normalized_squared_Pearson_screening_not_variance_decomposition
probability_weighted,34,chargeback_loss_rate,-0.0600007879149,0.00272949556767,normalized_squared_Pearson_screening_not_variance_decomposition
probability_weighted,35,cloud_cost_per_user_year,-0.0588951445347,0.0026298287587,normalized_squared_Pearson_screening_not_variance_decomposition
probability_weighted,36,dac_free_riding,-0.0570552015176,0.002468078528,normalized_squared_Pearson_screening_not_variance_decomposition
probability_weighted,37,redirect_high_impact_share,-0.0568225955443,0.00244799553638,normalized_squared_Pearson_screening_not_variance_decomposition
probability_weighted,38,dac_willing_pledge_ratio,0.0561414048867,0.00238965408442,normalized_squared_Pearson_screening_not_variance_decomposition
probability_weighted,39,api_cost_per_user_year,-0.0558845450782,0.00236783767496,normalized_squared_Pearson_screening_not_variance_decomposition
probability_weighted,40,dac_bonus_transfer_fee,-0.0490356245685,0.00182302199737,normalized_squared_Pearson_screening_not_variance_decomposition
probability_weighted,41,processor_fee_rate,-0.0456432964331,0.00157951040495,normalized_squared_Pearson_screening_not_variance_decomposition
probability_weighted,42,displacement_fraction_12m,-0.0419517778219,0.00133434836075,normalized_squared_Pearson_screening_not_variance_decomposition
probability_weighted,43,redirect_lower_impact_share,0.0403002200024,0.00123135511984,normalized_squared_Pearson_screening_not_variance_decomposition
probability_weighted,44,direct_skilled_category_share,0.0352755623181,0.000943444544242,normalized_squared_Pearson_screening_not_variance_decomposition
probability_weighted,45,coact_same_action_share,0.0300653247763,0.000685330855969,normalized_squared_Pearson_screening_not_variance_decomposition
probability_weighted,46,coordination_hours_per_completion,-0.0266061385179,0.000536700725137,normalized_squared_Pearson_screening_not_variance_decomposition
probability_weighted,47,support_hours_per_support_user_year,-0.0229290558335,0.000398603245197,normalized_squared_Pearson_screening_not_variance_decomposition
probability_weighted,48,displacement_fraction_90d,-0.0181888553551,0.000250829853821,normalized_squared_Pearson_screening_not_variance_decomposition
probability_weighted,49,cause_directed_payment_share,0.0170268721845,0.000219805339629,normalized_squared_Pearson_screening_not_variance_decomposition
probability_weighted,50,dac_pool_target,0.0143127204417,0.000155314807874,normalized_squared_Pearson_screening_not_variance_decomposition
probability_weighted,51,timing_shift_fraction,-0.0108274993525,8.88842514577e-05,normalized_squared_Pearson_screening_not_variance_decomposition
probability_weighted,52,dac_bonus_response,0.0082859526458,5.2053912826e-05,normalized_squared_Pearson_screening_not_variance_decomposition
probability_weighted,53,dac_surcharge_sensitivity,0.00604676408643,2.77213602357e-05,normalized_squared_Pearson_screening_not_variance_decomposition
probability_weighted,54,dac_moral_valuation,0.00559895582166,2.37674488496e-05,normalized_squared_Pearson_screening_not_variance_decomposition
probability_weighted,55,direct_mean_price,0.00262177223528,5.21144797187e-06,normalized_squared_Pearson_screening_not_variance_decomposition
probability_weighted,56,field_concentration,0.001784672121,2.41482334304e-06,normalized_squared_Pearson_screening_not_variance_decomposition
probability_weighted,57,dac_strategic_delay,-0.000608181570361,2.80436796729e-07,normalized_squared_Pearson_screening_not_variance_decomposition
